Workbook

Sheet Útmutató
B2: 💰 Egyszerűsített pénzügyi kimutatás – útmutató
B3: Nagy Zoltán · nagyzoltan25.github.io
B5: Hogyan használd
B6: 1. Az „📊 Éves Összesítő” lapon írd be az évet (B2).
B7: 2. A hónap elején a „Tervezett” oszlopba írd be, mennyit szánsz az egyes tételekre.
B8: 3. A hónap során vagy végén az „Összeg” oszlopba írd be a tényleges összegeket.
B9: 4. Új tétel: írd be a nevét egy üres sorba (vagy írj át egy meglévőt). A következő hónapokba automatikusan átkerül, és az Éves Összesítő is magától felveszi.
B10: 5. Az „Összesítő” oszlop, a ∑ sorok, az eltérés és a havi egyenleg automatikusan számolódik – ezeket ne írd felül.
B11: 6. Eltérés a tervtől: pozitív = jobb a tervnél (több bevétel, több megtakarítás, kevesebb kiadás); piros, negatív = rosszabb a tervnél.
B12: 7. Arány: bevételi tételek a teljes bevétel %-ában, megtakarítási tételek az összes megtakarítás %-ában, kiadási tételek az összes kiadás %-ában. A megtakarítás és a kiadás összesen a bevétel %-ában.
B13: 8. Megtakarítási index: a bevétel hány százalékát tetted félre az adott hónapban.
B15: Jelmagyarázat
... B21: Ez a táblázat általános segédeszköz, nem személyre szabott pénzügyi tanácsadás.

Sheet 📊 Éves Összesítő
A1: 📊 ÉVES PÉNZÜGYI ÖSSZESÍTŐ | Q1: =SUMPRODUCT(--((B5:M5+B7:M7)>0)) -> 0
A2: Év (írd át, ha másik évet vezetsz): | B2: 2026
A4: 📈 HAVI ÖSSZEFOGLALÓ | B4: Jan | C4: Feb | D4: Már | E4: Ápr | F4: Máj | G4: Jún | H4: Júl | I4: Aug | J4: Sze | K4: Okt | L4: Nov | M4: Dec | N4: ÉVES | O4: Havi átlag* | P4: Arány
A5: 💚 Bevétel összesen | B5: =Január!C16 -> 0 | C5: =Február!C16 -> 0 | D5: =Március!C16 -> 0 | E5: =Április!C16 -> 0 | F5: =Május!C16 -> 0 | G5: =Június!C16 -> 0 | H5: =Július!C16 -> 0 | I5: =Augusztus!C16 -> 0 | J5: =Szeptember!C16 -> 0 | K5: =Október!C16 -> 0 | L5: =November!C16 -> 0 | M5: =December!C16 -> 0 | N5: =SUM(B5:M5) -> 0 | O5: =N5/MAX(1,$Q$1) -> 0 | P5: =IF(OR(N5="",$N$5=0),"",N5/$N$5)
A6: 💎 Megtakarítás összesen | B6: =Január!C28 -> 0 | C6: =Február!C28 -> 0 | D6: =Március!C28 -> 0 | E6: =Április!C28 -> 0 | F6: =Május!C28 -> 0 | G6: =Június!C28 -> 0 | H6: =Július!C28 -> 0 | I6: =Augusztus!C28 -> 0 | J6: =Szeptember!C28 -> 0 | K6: =Október!C28 -> 0 | L6: =November!C28 -> 0 | M6: =December!C28 -> 0 | N6: =SUM(B6:M6) -> 0 | O6: =N6/MAX(1,$Q$1) -> 0 | P6: =IF(OR(N6="",$N$5=0),"",N6/$N$5)
A7: ❤️ Kiadás összesen | B7: =Január!C118 -> 0 | C7: =Február!C118 -> 0 | D7: =Március!C118 -> 0 | E7: =Április!C118 -> 0 | F7: =Május!C118 -> 0 | G7: =Június!C118 -> 0 | H7: =Július!C118 -> 0 | I7: =Augusztus!C118 -> 0 | J7: =Szeptember!C118 -> 0 | K7: =Október!C118 -> 0 | L7: =November!C118 -> 0 | M7: =December!C118 -> 0 | N7: =SUM(B7:M7) -> 0 | O7: =N7/MAX(1,$Q$1) -> 0 | P7: =IF(OR(N7="",$N$5=0),"",N7/$N$5)
A8: 💰 Havi egyenleg | B8: =B5-B6-B7 -> 0 | C8: =C5-C6-C7 -> 0 | D8: =D5-D6-D7 -> 0 | E8: =E5-E6-E7 -> 0 | F8: =F5-F6-F7 -> 0 | G8: =G5-G6-G7 -> 0 | H8: =H5-H6-H7 -> 0 | I8: =I5-I6-I7 -> 0 | ... O8: =O5-O6-O7 -> 0 | P8: =IF(OR(N8="",$N$5=0),"",N8/$N$5)
A9: Megtakarítási index | B9: =IF(B5=0,"–",B6/B5) -> – | C9: =IF(C5=0,"–",C6/C5) -> – | D9: =IF(D5=0,"–",D6/D5) -> – | E9: =IF(E5=0,"–",E6/E5) -> – | F9: =IF(F5=0,"–",F6/F5) -> – | G9: =IF(G5=0,"–",G6/G5) -> – | H9: =IF(H5=0,"–",H6/H5) -> – | I9: =IF(I5=0,"–",I6/I5) -> – | ... O9: =IF(O5=0,"–",O6/O5) -> –
A10: Kumulált egyenleg (év eleje óta) | B10: =B8 -> 0 | C10: =B10+C8 -> 0 | D10: =C10+D8 -> 0 | E10: =D10+E8 -> 0 | F10: =E10+F8 -> 0 | G10: =F10+G8 -> 0 | H10: =G10+H8 -> 0 | I10: =H10+I8 -> 0 | J10: =I10+J8 -> 0 | ... M10: =L10+M8 -> 0
A11: 💚 BEVÉTELEK TÉTELENKÉNT | B11: Jan | C11: Feb | D11: Már | E11: Ápr | F11: Máj | G11: Jún | H11: Júl | I11: Aug | J11: Sze | K11: Okt | L11: Nov | M11: Dec | N11: ÉVES | O11: Havi átlag* | P11: Arány
A12: =IFERROR(INDEX(_Segéd!$A$2:$A$97,MATCH(1,_Segéd!$B$2:$B$97,0)),"") -> Munkabér 1 (pl. saját) | B12: =IF($A12="","",SUMIF(Január!$A$5:$A$14,$A12,Január!$B$5:$B$14)) -> 0 | C12: =IF($A12="","",SUMIF(Február!$A$5:$A$14,$A12,Február!$B$5:$B$14)) -> 0 | D12: =IF($A12="","",SUMIF(Március!$A$5:$A$14,$A12,Március!$B$5:$B$14)) -> 0 | E12: =IF($A12="","",SUMIF(Április!$A$5:$A$14,$A12,Április!$B$5:$B$14)) -> 0 | F12: =IF($A12="","",SUMIF(Május!$A$5:$A$14,$A12,Május!$B$5:$B$14)) -> 0 | G12: =IF($A12="","",SUMIF(Június!$A$5:$A$14,$A12,Június!$B$5:$B$14)) -> 0 | H12: =IF($A12="","",SUMIF(Július!$A$5:$A$14,$A12,Július!$B$5:$B$14)) -> 0 | I12: =IF($A12="","",SUMIF(Augusztus!$A$5:$A$14,$A12,Augusztus!$B$5:$B$14)) -> 0 | J12: =IF($A12="","",SUMIF(Szeptember!$A$5:$A$14,$A12,Szeptember!$B$5:$B$14)) -> 0 | K12: =IF($A12="","",SUMIF(Október!$A$5:$A$14,$A12,Október!$B$5:$B$14)) -> 0 | L12: =IF($A12="","",SUMIF(November!$A$5:$A$14,$A12,November!$B$5:$B$14)) -> 0 | M12: =IF($A12="","",SUMIF(December!$A$5:$A$14,$A12,December!$B$5:$B$14)) -> 0 | N12: =IF($A12="","",SUM(B12:M12)) -> 0 | O12: =IF($A12="","",N12/MAX(1,$Q$1)) -> 0 | P12: =IF(OR(N12="",$N$5=0),"",N12/$N$5)
A13: =IFERROR(INDEX(_Segéd!$A$2:$A$97,MATCH(2,_Segéd!$B$2:$B$97,0)),"") -> Munkabér 2 (pl. partner) | B13: =IF($A13="","",SUMIF(Január!$A$5:$A$14,$A13,Január!$B$5:$B$14)) -> 0 | C13: =IF($A13="","",SUMIF(Február!$A$5:$A$14,$A13,Február!$B$5:$B$14)) -> 0 | D13: =IF($A13="","",SUMIF(Március!$A$5:$A$14,$A13,Március!$B$5:$B$14)) -> 0 | E13: =IF($A13="","",SUMIF(Április!$A$5:$A$14,$A13,Április!$B$5:$B$14)) -> 0 | F13: =IF($A13="","",SUMIF(Május!$A$5:$A$14,$A13,Május!$B$5:$B$14)) -> 0 | G13: =IF($A13="","",SUMIF(Június!$A$5:$A$14,$A13,Június!$B$5:$B$14)) -> 0 | H13: =IF($A13="","",SUMIF(Július!$A$5:$A$14,$A13,Július!$B$5:$B$14)) -> 0 | I13: =IF($A13="","",SUMIF(Augusztus!$A$5:$A$14,$A13,Augusztus!$B$5:$B$14)) -> 0 | J13: =IF($A13="","",SUMIF(Szeptember!$A$5:$A$14,$A13,Szeptember!$B$5:$B$14)) -> 0 | K13: =IF($A13="","",SUMIF(Október!$A$5:$A$14,$A13,Október!$B$5:$B$14)) -> 0 | L13: =IF($A13="","",SUMIF(November!$A$5:$A$14,$A13,November!$B$5:$B$14)) -> 0 | M13: =IF($A13="","",SUMIF(December!$A$5:$A$14,$A13,December!$B$5:$B$14)) -> 0 | N13: =IF($A13="","",SUM(B13:M13)) -> 0 | O13: =IF($A13="","",N13/MAX(1,$Q$1)) -> 0 | P13: =IF(OR(N13="",$N$5=0),"",N13/$N$5)
A14: =IFERROR(INDEX(_Segéd!$A$2:$A$97,MATCH(3,_Segéd!$B$2:$B$97,0)),"") -> Vállalkozói bevétel | B14: =IF($A14="","",SUMIF(Január!$A$5:$A$14,$A14,Január!$B$5:$B$14)) -> 0 | C14: =IF($A14="","",SUMIF(Február!$A$5:$A$14,$A14,Február!$B$5:$B$14)) -> 0 | D14: =IF($A14="","",SUMIF(Március!$A$5:$A$14,$A14,Március!$B$5:$B$14)) -> 0 | E14: =IF($A14="","",SUMIF(Április!$A$5:$A$14,$A14,Április!$B$5:$B$14)) -> 0 | F14: =IF($A14="","",SUMIF(Május!$A$5:$A$14,$A14,Május!$B$5:$B$14)) -> 0 | G14: =IF($A14="","",SUMIF(Június!$A$5:$A$14,$A14,Június!$B$5:$B$14)) -> 0 | H14: =IF($A14="","",SUMIF(Július!$A$5:$A$14,$A14,Július!$B$5:$B$14)) -> 0 | I14: =IF($A14="","",SUMIF(Augusztus!$A$5:$A$14,$A14,Augusztus!$B$5:$B$14)) -> 0 | J14: =IF($A14="","",SUMIF(Szeptember!$A$5:$A$14,$A14,Szeptember!$B$5:$B$14)) -> 0 | K14: =IF($A14="","",SUMIF(Október!$A$5:$A$14,$A14,Október!$B$5:$B$14)) -> 0 | L14: =IF($A14="","",SUMIF(November!$A$5:$A$14,$A14,November!$B$5:$B$14)) -> 0 | M14: =IF($A14="","",SUMIF(December!$A$5:$A$14,$A14,December!$B$5:$B$14)) -> 0 | N14: =IF($A14="","",SUM(B14:M14)) -> 0 | O14: =IF($A14="","",N14/MAX(1,$Q$1)) -> 0 | P14: =IF(OR(N14="",$N$5=0),"",N14/$N$5)
A15: =IFERROR(INDEX(_Segéd!$A$2:$A$97,MATCH(4,_Segéd!$B$2:$B$97,0)),"") -> CSED / GYED / GYES | B15: =IF($A15="","",SUMIF(Január!$A$5:$A$14,$A15,Január!$B$5:$B$14)) -> 0 | C15: =IF($A15="","",SUMIF(Február!$A$5:$A$14,$A15,Február!$B$5:$B$14)) -> 0 | D15: =IF($A15="","",SUMIF(Március!$A$5:$A$14,$A15,Március!$B$5:$B$14)) -> 0 | E15: =IF($A15="","",SUMIF(Április!$A$5:$A$14,$A15,Április!$B$5:$B$14)) -> 0 | F15: =IF($A15="","",SUMIF(Május!$A$5:$A$14,$A15,Május!$B$5:$B$14)) -> 0 | G15: =IF($A15="","",SUMIF(Június!$A$5:$A$14,$A15,Június!$B$5:$B$14)) -> 0 | H15: =IF($A15="","",SUMIF(Július!$A$5:$A$14,$A15,Július!$B$5:$B$14)) -> 0 | I15: =IF($A15="","",SUMIF(Augusztus!$A$5:$A$14,$A15,Augusztus!$B$5:$B$14)) -> 0 | J15: =IF($A15="","",SUMIF(Szeptember!$A$5:$A$14,$A15,Szeptember!$B$5:$B$14)) -> 0 | K15: =IF($A15="","",SUMIF(Október!$A$5:$A$14,$A15,Október!$B$5:$B$14)) -> 0 | L15: =IF($A15="","",SUMIF(November!$A$5:$A$14,$A15,November!$B$5:$B$14)) -> 0 | M15: =IF($A15="","",SUMIF(December!$A$5:$A$14,$A15,December!$B$5:$B$14)) -> 0 | N15: =IF($A15="","",SUM(B15:M15)) -> 0 | O15: =IF($A15="","",N15/MAX(1,$Q$1)) -> 0 | P15: =IF(OR(N15="",$N$5=0),"",N15/$N$5)
A16: =IFERROR(INDEX(_Segéd!$A$2:$A$97,MATCH(5,_Segéd!$B$2:$B$97,0)),"") -> Családi pótlék | B16: =IF($A16="","",SUMIF(Január!$A$5:$A$14,$A16,Január!$B$5:$B$14)) -> 0 | C16: =IF($A16="","",SUMIF(Február!$A$5:$A$14,$A16,Február!$B$5:$B$14)) -> 0 | D16: =IF($A16="","",SUMIF(Március!$A$5:$A$14,$A16,Március!$B$5:$B$14)) -> 0 | E16: =IF($A16="","",SUMIF(Április!$A$5:$A$14,$A16,Április!$B$5:$B$14)) -> 0 | F16: =IF($A16="","",SUMIF(Május!$A$5:$A$14,$A16,Május!$B$5:$B$14)) -> 0 | G16: =IF($A16="","",SUMIF(Június!$A$5:$A$14,$A16,Június!$B$5:$B$14)) -> 0 | H16: =IF($A16="","",SUMIF(Július!$A$5:$A$14,$A16,Július!$B$5:$B$14)) -> 0 | I16: =IF($A16="","",SUMIF(Augusztus!$A$5:$A$14,$A16,Augusztus!$B$5:$B$14)) -> 0 | J16: =IF($A16="","",SUMIF(Szeptember!$A$5:$A$14,$A16,Szeptember!$B$5:$B$14)) -> 0 | K16: =IF($A16="","",SUMIF(Október!$A$5:$A$14,$A16,Október!$B$5:$B$14)) -> 0 | L16: =IF($A16="","",SUMIF(November!$A$5:$A$14,$A16,November!$B$5:$B$14)) -> 0 | M16: =IF($A16="","",SUMIF(December!$A$5:$A$14,$A16,December!$B$5:$B$14)) -> 0 | N16: =IF($A16="","",SUM(B16:M16)) -> 0 | O16: =IF($A16="","",N16/MAX(1,$Q$1)) -> 0 | P16: =IF(OR(N16="",$N$5=0),"",N16/$N$5)
A17: =IFERROR(INDEX(_Segéd!$A$2:$A$97,MATCH(6,_Segéd!$B$2:$B$97,0)),"") -> Egyéb (lakáskiadás, bónusz stb.) | B17: =IF($A17="","",SUMIF(Január!$A$5:$A$14,$A17,Január!$B$5:$B$14)) -> 0 | C17: =IF($A17="","",SUMIF(Február!$A$5:$A$14,$A17,Február!$B$5:$B$14)) -> 0 | D17: =IF($A17="","",SUMIF(Március!$A$5:$A$14,$A17,Március!$B$5:$B$14)) -> 0 | E17: =IF($A17="","",SUMIF(Április!$A$5:$A$14,$A17,Április!$B$5:$B$14)) -> 0 | F17: =IF($A17="","",SUMIF(Május!$A$5:$A$14,$A17,Május!$B$5:$B$14)) -> 0 | G17: =IF($A17="","",SUMIF(Június!$A$5:$A$14,$A17,Június!$B$5:$B$14)) -> 0 | H17: =IF($A17="","",SUMIF(Július!$A$5:$A$14,$A17,Július!$B$5:$B$14)) -> 0 | I17: =IF($A17="","",SUMIF(Augusztus!$A$5:$A$14,$A17,Augusztus!$B$5:$B$14)) -> 0 | J17: =IF($A17="","",SUMIF(Szeptember!$A$5:$A$14,$A17,Szeptember!$B$5:$B$14)) -> 0 | K17: =IF($A17="","",SUMIF(Október!$A$5:$A$14,$A17,Október!$B$5:$B$14)) -> 0 | L17: =IF($A17="","",SUMIF(November!$A$5:$A$14,$A17,November!$B$5:$B$14)) -> 0 | M17: =IF($A17="","",SUMIF(December!$A$5:$A$14,$A17,December!$B$5:$B$14)) -> 0 | N17: =IF($A17="","",SUM(B17:M17)) -> 0 | O17: =IF($A17="","",N17/MAX(1,$Q$1)) -> 0 | P17: =IF(OR(N17="",$N$5=0),"",N17/$N$5)
A18: =IFERROR(INDEX(_Segéd!$A$2:$A$97,MATCH(7,_Segéd!$B$2:$B$97,0)),"") | B18: =IF($A18="","",SUMIF(Január!$A$5:$A$14,$A18,Január!$B$5:$B$14)) | C18: =IF($A18="","",SUMIF(Február!$A$5:$A$14,$A18,Február!$B$5:$B$14)) | D18: =IF($A18="","",SUMIF(Március!$A$5:$A$14,$A18,Március!$B$5:$B$14)) | E18: =IF($A18="","",SUMIF(Április!$A$5:$A$14,$A18,Április!$B$5:$B$14)) | F18: =IF($A18="","",SUMIF(Május!$A$5:$A$14,$A18,Május!$B$5:$B$14)) | G18: =IF($A18="","",SUMIF(Június!$A$5:$A$14,$A18,Június!$B$5:$B$14)) | H18: =IF($A18="","",SUMIF(Július!$A$5:$A$14,$A18,Július!$B$5:$B$14)) | I18: =IF($A18="","",SUMIF(Augusztus!$A$5:$A$14,$A18,Augusztus!$B$5:$B$14)) | J18: =IF($A18="","",SUMIF(Szeptember!$A$5:$A$14,$A18,Szeptember!$B$5:$B$14)) | K18: =IF($A18="","",SUMIF(Október!$A$5:$A$14,$A18,Október!$B$5:$B$14)) | L18: =IF($A18="","",SUMIF(November!$A$5:$A$14,$A18,November!$B$5:$B$14)) | M18: =IF($A18="","",SUMIF(December!$A$5:$A$14,$A18,December!$B$5:$B$14)) | N18: =IF($A18="","",SUM(B18:M18)) | O18: =IF($A18="","",N18/MAX(1,$Q$1)) | P18: =IF(OR(N18="",$N$5=0),"",N18/$N$5)
A19: =IFERROR(INDEX(_Segéd!$A$2:$A$97,MATCH(8,_Segéd!$B$2:$B$97,0)),"") | B19: =IF($A19="","",SUMIF(Január!$A$5:$A$14,$A19,Január!$B$5:$B$14)) | C19: =IF($A19="","",SUMIF(Február!$A$5:$A$14,$A19,Február!$B$5:$B$14)) | D19: =IF($A19="","",SUMIF(Március!$A$5:$A$14,$A19,Március!$B$5:$B$14)) | E19: =IF($A19="","",SUMIF(Április!$A$5:$A$14,$A19,Április!$B$5:$B$14)) | F19: =IF($A19="","",SUMIF(Május!$A$5:$A$14,$A19,Május!$B$5:$B$14)) | G19: =IF($A19="","",SUMIF(Június!$A$5:$A$14,$A19,Június!$B$5:$B$14)) | H19: =IF($A19="","",SUMIF(Július!$A$5:$A$14,$A19,Július!$B$5:$B$14)) | I19: =IF($A19="","",SUMIF(Augusztus!$A$5:$A$14,$A19,Augusztus!$B$5:$B$14)) | J19: =IF($A19="","",SUMIF(Szeptember!$A$5:$A$14,$A19,Szeptember!$B$5:$B$14)) | K19: =IF($A19="","",SUMIF(Október!$A$5:$A$14,$A19,Október!$B$5:$B$14)) | L19: =IF($A19="","",SUMIF(November!$A$5:$A$14,$A19,November!$B$5:$B$14)) | M19: =IF($A19="","",SUMIF(December!$A$5:$A$14,$A19,December!$B$5:$B$14)) | N19: =IF($A19="","",SUM(B19:M19)) | O19: =IF($A19="","",N19/MAX(1,$Q$1)) | P19: =IF(OR(N19="",$N$5=0),"",N19/$N$5)
A20: =IFERROR(INDEX(_Segéd!$A$2:$A$97,MATCH(9,_Segéd!$B$2:$B$97,0)),"") | B20: =IF($A20="","",SUMIF(Január!$A$5:$A$14,$A20,Január!$B$5:$B$14)) | C20: =IF($A20="","",SUMIF(Február!$A$5:$A$14,$A20,Február!$B$5:$B$14)) | D20: =IF($A20="","",SUMIF(Március!$A$5:$A$14,$A20,Március!$B$5:$B$14)) | E20: =IF($A20="","",SUMIF(Április!$A$5:$A$14,$A20,Április!$B$5:$B$14)) | F20: =IF($A20="","",SUMIF(Május!$A$5:$A$14,$A20,Május!$B$5:$B$14)) | G20: =IF($A20="","",SUMIF(Június!$A$5:$A$14,$A20,Június!$B$5:$B$14)) | H20: =IF($A20="","",SUMIF(Július!$A$5:$A$14,$A20,Július!$B$5:$B$14)) | I20: =IF($A20="","",SUMIF(Augusztus!$A$5:$A$14,$A20,Augusztus!$B$5:$B$14)) | J20: =IF($A20="","",SUMIF(Szeptember!$A$5:$A$14,$A20,Szeptember!$B$5:$B$14)) | K20: =IF($A20="","",SUMIF(Október!$A$5:$A$14,$A20,Október!$B$5:$B$14)) | L20: =IF($A20="","",SUMIF(November!$A$5:$A$14,$A20,November!$B$5:$B$14)) | M20: =IF($A20="","",SUMIF(December!$A$5:$A$14,$A20,December!$B$5:$B$14)) | N20: =IF($A20="","",SUM(B20:M20)) | O20: =IF($A20="","",N20/MAX(1,$Q$1)) | P20: =IF(OR(N20="",$N$5=0),"",N20/$N$5)
A21: =IFERROR(INDEX(_Segéd!$A$2:$A$97,MATCH(10,_Segéd!$B$2:$B$97,0)),"") | B21: =IF($A21="","",SUMIF(Január!$A$5:$A$14,$A21,Január!$B$5:$B$14)) | C21: =IF($A21="","",SUMIF(Február!$A$5:$A$14,$A21,Február!$B$5:$B$14)) | D21: =IF($A21="","",SUMIF(Március!$A$5:$A$14,$A21,Március!$B$5:$B$14)) | E21: =IF($A21="","",SUMIF(Április!$A$5:$A$14,$A21,Április!$B$5:$B$14)) | F21: =IF($A21="","",SUMIF(Május!$A$5:$A$14,$A21,Május!$B$5:$B$14)) | G21: =IF($A21="","",SUMIF(Június!$A$5:$A$14,$A21,Június!$B$5:$B$14)) | H21: =IF($A21="","",SUMIF(Július!$A$5:$A$14,$A21,Július!$B$5:$B$14)) | I21: =IF($A21="","",SUMIF(Augusztus!$A$5:$A$14,$A21,Augusztus!$B$5:$B$14)) | J21: =IF($A21="","",SUMIF(Szeptember!$A$5:$A$14,$A21,Szeptember!$B$5:$B$14)) | K21: =IF($A21="","",SUMIF(Október!$A$5:$A$14,$A21,Október!$B$5:$B$14)) | L21: =IF($A21="","",SUMIF(November!$A$5:$A$14,$A21,November!$B$5:$B$14)) | M21: =IF($A21="","",SUMIF(December!$A$5:$A$14,$A21,December!$B$5:$B$14)) | N21: =IF($A21="","",SUM(B21:M21)) | O21: =IF($A21="","",N21/MAX(1,$Q$1)) | P21: =IF(OR(N21="",$N$5=0),"",N21/$N$5)
A22: =IFERROR(INDEX(_Segéd!$A$2:$A$97,MATCH(11,_Segéd!$B$2:$B$97,0)),"") | B22: =IF($A22="","",SUMIF(Január!$A$5:$A$14,$A22,Január!$B$5:$B$14)) | C22: =IF($A22="","",SUMIF(Február!$A$5:$A$14,$A22,Február!$B$5:$B$14)) | D22: =IF($A22="","",SUMIF(Március!$A$5:$A$14,$A22,Március!$B$5:$B$14)) | E22: =IF($A22="","",SUMIF(Április!$A$5:$A$14,$A22,Április!$B$5:$B$14)) | F22: =IF($A22="","",SUMIF(Május!$A$5:$A$14,$A22,Május!$B$5:$B$14)) | G22: =IF($A22="","",SUMIF(Június!$A$5:$A$14,$A22,Június!$B$5:$B$14)) | H22: =IF($A22="","",SUMIF(Július!$A$5:$A$14,$A22,Július!$B$5:$B$14)) | I22: =IF($A22="","",SUMIF(Augusztus!$A$5:$A$14,$A22,Augusztus!$B$5:$B$14)) | J22: =IF($A22="","",SUMIF(Szeptember!$A$5:$A$14,$A22,Szeptember!$B$5:$B$14)) | K22: =IF($A22="","",SUMIF(Október!$A$5:$A$14,$A22,Október!$B$5:$B$14)) | L22: =IF($A22="","",SUMIF(November!$A$5:$A$14,$A22,November!$B$5:$B$14)) | M22: =IF($A22="","",SUMIF(December!$A$5:$A$14,$A22,December!$B$5:$B$14)) | N22: =IF($A22="","",SUM(B22:M22)) | O22: =IF($A22="","",N22/MAX(1,$Q$1)) | P22: =IF(OR(N22="",$N$5=0),"",N22/$N$5)
A23: =IFERROR(INDEX(_Segéd!$A$2:$A$97,MATCH(12,_Segéd!$B$2:$B$97,0)),"") | B23: =IF($A23="","",SUMIF(Január!$A$5:$A$14,$A23,Január!$B$5:$B$14)) | C23: =IF($A23="","",SUMIF(Február!$A$5:$A$14,$A23,Február!$B$5:$B$14)) | D23: =IF($A23="","",SUMIF(Március!$A$5:$A$14,$A23,Március!$B$5:$B$14)) | E23: =IF($A23="","",SUMIF(Április!$A$5:$A$14,$A23,Április!$B$5:$B$14)) | F23: =IF($A23="","",SUMIF(Május!$A$5:$A$14,$A23,Május!$B$5:$B$14)) | G23: =IF($A23="","",SUMIF(Június!$A$5:$A$14,$A23,Június!$B$5:$B$14)) | H23: =IF($A23="","",SUMIF(Július!$A$5:$A$14,$A23,Július!$B$5:$B$14)) | I23: =IF($A23="","",SUMIF(Augusztus!$A$5:$A$14,$A23,Augusztus!$B$5:$B$14)) | J23: =IF($A23="","",SUMIF(Szeptember!$A$5:$A$14,$A23,Szeptember!$B$5:$B$14)) | K23: =IF($A23="","",SUMIF(Október!$A$5:$A$14,$A23,Október!$B$5:$B$14)) | L23: =IF($A23="","",SUMIF(November!$A$5:$A$14,$A23,November!$B$5:$B$14)) | M23: =IF($A23="","",SUMIF(December!$A$5:$A$14,$A23,December!$B$5:$B$14)) | N23: =IF($A23="","",SUM(B23:M23)) | O23: =IF($A23="","",N23/MAX(1,$Q$1)) | P23: =IF(OR(N23="",$N$5=0),"",N23/$N$5)
A24: 💎 MEGTAKARÍTÁSOK TÉTELENKÉNT | B24: Jan | C24: Feb | D24: Már | E24: Ápr | F24: Máj | G24: Jún | H24: Júl | I24: Aug | J24: Sze | K24: Okt | L24: Nov | M24: Dec | N24: ÉVES | O24: Havi átlag* | P24: Arány
A25: =IFERROR(INDEX(_Segéd!$D$2:$D$121,MATCH(1,_Segéd!$E$2:$E$121,0)),"") -> Vésztartalék | B25: =IF($A25="","",SUMIF(Január!$A$18:$A$27,$A25,Január!$B$18:$B$27)) -> 0 | C25: =IF($A25="","",SUMIF(Február!$A$18:$A$27,$A25,Február!$B$18:$B$27)) -> 0 | D25: =IF($A25="","",SUMIF(Március!$A$18:$A$27,$A25,Március!$B$18:$B$27)) -> 0 | E25: =IF($A25="","",SUMIF(Április!$A$18:$A$27,$A25,Április!$B$18:$B$27)) -> 0 | F25: =IF($A25="","",SUMIF(Május!$A$18:$A$27,$A25,Május!$B$18:$B$27)) -> 0 | G25: =IF($A25="","",SUMIF(Június!$A$18:$A$27,$A25,Június!$B$18:$B$27)) -> 0 | H25: =IF($A25="","",SUMIF(Július!$A$18:$A$27,$A25,Július!$B$18:$B$27)) -> 0 | I25: =IF($A25="","",SUMIF(Augusztus!$A$18:$A$27,$A25,Augusztus!$B$18:$B$27)) -> 0 | J25: =IF($A25="","",SUMIF(Szeptember!$A$18:$A$27,$A25,Szeptember!$B$18:$B$27)) -> 0 | K25: =IF($A25="","",SUMIF(Október!$A$18:$A$27,$A25,Október!$B$18:$B$27)) -> 0 | L25: =IF($A25="","",SUMIF(November!$A$18:$A$27,$A25,November!$B$18:$B$27)) -> 0 | M25: =IF($A25="","",SUMIF(December!$A$18:$A$27,$A25,December!$B$18:$B$27)) -> 0 | N25: =IF($A25="","",SUM(B25:M25)) -> 0 | O25: =IF($A25="","",N25/MAX(1,$Q$1)) -> 0 | P25: =IF(OR(N25="",$N$6=0),"",N25/$N$6)
A26: =IFERROR(INDEX(_Segéd!$D$2:$D$121,MATCH(2,_Segéd!$E$2:$E$121,0)),"") -> Lakástakarékpénztár | B26: =IF($A26="","",SUMIF(Január!$A$18:$A$27,$A26,Január!$B$18:$B$27)) -> 0 | C26: =IF($A26="","",SUMIF(Február!$A$18:$A$27,$A26,Február!$B$18:$B$27)) -> 0 | D26: =IF($A26="","",SUMIF(Március!$A$18:$A$27,$A26,Március!$B$18:$B$27)) -> 0 | E26: =IF($A26="","",SUMIF(Április!$A$18:$A$27,$A26,Április!$B$18:$B$27)) -> 0 | F26: =IF($A26="","",SUMIF(Május!$A$18:$A$27,$A26,Május!$B$18:$B$27)) -> 0 | G26: =IF($A26="","",SUMIF(Június!$A$18:$A$27,$A26,Június!$B$18:$B$27)) -> 0 | H26: =IF($A26="","",SUMIF(Július!$A$18:$A$27,$A26,Július!$B$18:$B$27)) -> 0 | I26: =IF($A26="","",SUMIF(Augusztus!$A$18:$A$27,$A26,Augusztus!$B$18:$B$27)) -> 0 | J26: =IF($A26="","",SUMIF(Szeptember!$A$18:$A$27,$A26,Szeptember!$B$18:$B$27)) -> 0 | K26: =IF($A26="","",SUMIF(Október!$A$18:$A$27,$A26,Október!$B$18:$B$27)) -> 0 | L26: =IF($A26="","",SUMIF(November!$A$18:$A$27,$A26,November!$B$18:$B$27)) -> 0 | M26: =IF($A26="","",SUMIF(December!$A$18:$A$27,$A26,December!$B$18:$B$27)) -> 0 | N26: =IF($A26="","",SUM(B26:M26)) -> 0 | O26: =IF($A26="","",N26/MAX(1,$Q$1)) -> 0 | P26: =IF(OR(N26="",$N$6=0),"",N26/$N$6)
A27: =IFERROR(INDEX(_Segéd!$D$2:$D$121,MATCH(3,_Segéd!$E$2:$E$121,0)),"") -> Általános cél | B27: =IF($A27="","",SUMIF(Január!$A$18:$A$27,$A27,Január!$B$18:$B$27)) -> 0 | C27: =IF($A27="","",SUMIF(Február!$A$18:$A$27,$A27,Február!$B$18:$B$27)) -> 0 | D27: =IF($A27="","",SUMIF(Március!$A$18:$A$27,$A27,Március!$B$18:$B$27)) -> 0 | E27: =IF($A27="","",SUMIF(Április!$A$18:$A$27,$A27,Április!$B$18:$B$27)) -> 0 | F27: =IF($A27="","",SUMIF(Május!$A$18:$A$27,$A27,Május!$B$18:$B$27)) -> 0 | G27: =IF($A27="","",SUMIF(Június!$A$18:$A$27,$A27,Június!$B$18:$B$27)) -> 0 | H27: =IF($A27="","",SUMIF(Július!$A$18:$A$27,$A27,Július!$B$18:$B$27)) -> 0 | I27: =IF($A27="","",SUMIF(Augusztus!$A$18:$A$27,$A27,Augusztus!$B$18:$B$27)) -> 0 | J27: =IF($A27="","",SUMIF(Szeptember!$A$18:$A$27,$A27,Szeptember!$B$18:$B$27)) -> 0 | K27: =IF($A27="","",SUMIF(Október!$A$18:$A$27,$A27,Október!$B$18:$B$27)) -> 0 | L27: =IF($A27="","",SUMIF(November!$A$18:$A$27,$A27,November!$B$18:$B$27)) -> 0 | M27: =IF($A27="","",SUMIF(December!$A$18:$A$27,$A27,December!$B$18:$B$27)) -> 0 | N27: =IF($A27="","",SUM(B27:M27)) -> 0 | O27: =IF($A27="","",N27/MAX(1,$Q$1)) -> 0 | P27: =IF(OR(N27="",$N$6=0),"",N27/$N$6)
A28: =IFERROR(INDEX(_Segéd!$D$2:$D$121,MATCH(4,_Segéd!$E$2:$E$121,0)),"") -> Hosszú távú (min. 10 éves, általános célú) | B28: =IF($A28="","",SUMIF(Január!$A$18:$A$27,$A28,Január!$B$18:$B$27)) -> 0 | C28: =IF($A28="","",SUMIF(Február!$A$18:$A$27,$A28,Február!$B$18:$B$27)) -> 0 | D28: =IF($A28="","",SUMIF(Március!$A$18:$A$27,$A28,Március!$B$18:$B$27)) -> 0 | E28: =IF($A28="","",SUMIF(Április!$A$18:$A$27,$A28,Április!$B$18:$B$27)) -> 0 | F28: =IF($A28="","",SUMIF(Május!$A$18:$A$27,$A28,Május!$B$18:$B$27)) -> 0 | G28: =IF($A28="","",SUMIF(Június!$A$18:$A$27,$A28,Június!$B$18:$B$27)) -> 0 | H28: =IF($A28="","",SUMIF(Július!$A$18:$A$27,$A28,Július!$B$18:$B$27)) -> 0 | I28: =IF($A28="","",SUMIF(Augusztus!$A$18:$A$27,$A28,Augusztus!$B$18:$B$27)) -> 0 | J28: =IF($A28="","",SUMIF(Szeptember!$A$18:$A$27,$A28,Szeptember!$B$18:$B$27)) -> 0 | K28: =IF($A28="","",SUMIF(Október!$A$18:$A$27,$A28,Október!$B$18:$B$27)) -> 0 | L28: =IF($A28="","",SUMIF(November!$A$18:$A$27,$A28,November!$B$18:$B$27)) -> 0 | M28: =IF($A28="","",SUMIF(December!$A$18:$A$27,$A28,December!$B$18:$B$27)) -> 0 | N28: =IF($A28="","",SUM(B28:M28)) -> 0 | O28: =IF($A28="","",N28/MAX(1,$Q$1)) -> 0 | P28: =IF(OR(N28="",$N$6=0),"",N28/$N$6)
A29: =IFERROR(INDEX(_Segéd!$D$2:$D$121,MATCH(5,_Segéd!$E$2:$E$121,0)),"") -> Hosszú távú (min. 10 éves, lakás célú) | B29: =IF($A29="","",SUMIF(Január!$A$18:$A$27,$A29,Január!$B$18:$B$27)) -> 0 | C29: =IF($A29="","",SUMIF(Február!$A$18:$A$27,$A29,Február!$B$18:$B$27)) -> 0 | D29: =IF($A29="","",SUMIF(Március!$A$18:$A$27,$A29,Március!$B$18:$B$27)) -> 0 | E29: =IF($A29="","",SUMIF(Április!$A$18:$A$27,$A29,Április!$B$18:$B$27)) -> 0 | F29: =IF($A29="","",SUMIF(Május!$A$18:$A$27,$A29,Május!$B$18:$B$27)) -> 0 | G29: =IF($A29="","",SUMIF(Június!$A$18:$A$27,$A29,Június!$B$18:$B$27)) -> 0 | H29: =IF($A29="","",SUMIF(Július!$A$18:$A$27,$A29,Július!$B$18:$B$27)) -> 0 | I29: =IF($A29="","",SUMIF(Augusztus!$A$18:$A$27,$A29,Augusztus!$B$18:$B$27)) -> 0 | J29: =IF($A29="","",SUMIF(Szeptember!$A$18:$A$27,$A29,Szeptember!$B$18:$B$27)) -> 0 | K29: =IF($A29="","",SUMIF(Október!$A$18:$A$27,$A29,Október!$B$18:$B$27)) -> 0 | L29: =IF($A29="","",SUMIF(November!$A$18:$A$27,$A29,November!$B$18:$B$27)) -> 0 | M29: =IF($A29="","",SUMIF(December!$A$18:$A$27,$A29,December!$B$18:$B$27)) -> 0 | N29: =IF($A29="","",SUM(B29:M29)) -> 0 | O29: =IF($A29="","",N29/MAX(1,$Q$1)) -> 0 | P29: =IF(OR(N29="",$N$6=0),"",N29/$N$6)
A30: =IFERROR(INDEX(_Segéd!$D$2:$D$121,MATCH(6,_Segéd!$E$2:$E$121,0)),"") -> Hosszú távú (min. 10 éves, gyermek jövője célú) | B30: =IF($A30="","",SUMIF(Január!$A$18:$A$27,$A30,Január!$B$18:$B$27)) -> 0 | C30: =IF($A30="","",SUMIF(Február!$A$18:$A$27,$A30,Február!$B$18:$B$27)) -> 0 | D30: =IF($A30="","",SUMIF(Március!$A$18:$A$27,$A30,Március!$B$18:$B$27)) -> 0 | E30: =IF($A30="","",SUMIF(Április!$A$18:$A$27,$A30,Április!$B$18:$B$27)) -> 0 | F30: =IF($A30="","",SUMIF(Május!$A$18:$A$27,$A30,Május!$B$18:$B$27)) -> 0 | G30: =IF($A30="","",SUMIF(Június!$A$18:$A$27,$A30,Június!$B$18:$B$27)) -> 0 | H30: =IF($A30="","",SUMIF(Július!$A$18:$A$27,$A30,Július!$B$18:$B$27)) -> 0 | I30: =IF($A30="","",SUMIF(Augusztus!$A$18:$A$27,$A30,Augusztus!$B$18:$B$27)) -> 0 | J30: =IF($A30="","",SUMIF(Szeptember!$A$18:$A$27,$A30,Szeptember!$B$18:$B$27)) -> 0 | K30: =IF($A30="","",SUMIF(Október!$A$18:$A$27,$A30,Október!$B$18:$B$27)) -> 0 | L30: =IF($A30="","",SUMIF(November!$A$18:$A$27,$A30,November!$B$18:$B$27)) -> 0 | M30: =IF($A30="","",SUMIF(December!$A$18:$A$27,$A30,December!$B$18:$B$27)) -> 0 | N30: =IF($A30="","",SUM(B30:M30)) -> 0 | O30: =IF($A30="","",N30/MAX(1,$Q$1)) -> 0 | P30: =IF(OR(N30="",$N$6=0),"",N30/$N$6)
A31: =IFERROR(INDEX(_Segéd!$D$2:$D$121,MATCH(7,_Segéd!$E$2:$E$121,0)),"") -> Hosszú távú (min. 15 éves, nyugdíj célú) | B31: =IF($A31="","",SUMIF(Január!$A$18:$A$27,$A31,Január!$B$18:$B$27)) -> 0 | C31: =IF($A31="","",SUMIF(Február!$A$18:$A$27,$A31,Február!$B$18:$B$27)) -> 0 | D31: =IF($A31="","",SUMIF(Március!$A$18:$A$27,$A31,Március!$B$18:$B$27)) -> 0 | E31: =IF($A31="","",SUMIF(Április!$A$18:$A$27,$A31,Április!$B$18:$B$27)) -> 0 | F31: =IF($A31="","",SUMIF(Május!$A$18:$A$27,$A31,Május!$B$18:$B$27)) -> 0 | G31: =IF($A31="","",SUMIF(Június!$A$18:$A$27,$A31,Június!$B$18:$B$27)) -> 0 | H31: =IF($A31="","",SUMIF(Július!$A$18:$A$27,$A31,Július!$B$18:$B$27)) -> 0 | I31: =IF($A31="","",SUMIF(Augusztus!$A$18:$A$27,$A31,Augusztus!$B$18:$B$27)) -> 0 | J31: =IF($A31="","",SUMIF(Szeptember!$A$18:$A$27,$A31,Szeptember!$B$18:$B$27)) -> 0 | K31: =IF($A31="","",SUMIF(Október!$A$18:$A$27,$A31,Október!$B$18:$B$27)) -> 0 | L31: =IF($A31="","",SUMIF(November!$A$18:$A$27,$A31,November!$B$18:$B$27)) -> 0 | M31: =IF($A31="","",SUMIF(December!$A$18:$A$27,$A31,December!$B$18:$B$27)) -> 0 | N31: =IF($A31="","",SUM(B31:M31)) -> 0 | O31: =IF($A31="","",N31/MAX(1,$Q$1)) -> 0 | P31: =IF(OR(N31="",$N$6=0),"",N31/$N$6)
A32: =IFERROR(INDEX(_Segéd!$D$2:$D$121,MATCH(8,_Segéd!$E$2:$E$121,0)),"") -> Nyugdíjbiztosítás | B32: =IF($A32="","",SUMIF(Január!$A$18:$A$27,$A32,Január!$B$18:$B$27)) -> 0 | C32: =IF($A32="","",SUMIF(Február!$A$18:$A$27,$A32,Február!$B$18:$B$27)) -> 0 | D32: =IF($A32="","",SUMIF(Március!$A$18:$A$27,$A32,Március!$B$18:$B$27)) -> 0 | E32: =IF($A32="","",SUMIF(Április!$A$18:$A$27,$A32,Április!$B$18:$B$27)) -> 0 | F32: =IF($A32="","",SUMIF(Május!$A$18:$A$27,$A32,Május!$B$18:$B$27)) -> 0 | G32: =IF($A32="","",SUMIF(Június!$A$18:$A$27,$A32,Június!$B$18:$B$27)) -> 0 | H32: =IF($A32="","",SUMIF(Július!$A$18:$A$27,$A32,Július!$B$18:$B$27)) -> 0 | I32: =IF($A32="","",SUMIF(Augusztus!$A$18:$A$27,$A32,Augusztus!$B$18:$B$27)) -> 0 | J32: =IF($A32="","",SUMIF(Szeptember!$A$18:$A$27,$A32,Szeptember!$B$18:$B$27)) -> 0 | K32: =IF($A32="","",SUMIF(Október!$A$18:$A$27,$A32,Október!$B$18:$B$27)) -> 0 | L32: =IF($A32="","",SUMIF(November!$A$18:$A$27,$A32,November!$B$18:$B$27)) -> 0 | M32: =IF($A32="","",SUMIF(December!$A$18:$A$27,$A32,December!$B$18:$B$27)) -> 0 | N32: =IF($A32="","",SUM(B32:M32)) -> 0 | O32: =IF($A32="","",N32/MAX(1,$Q$1)) -> 0 | P32: =IF(OR(N32="",$N$6=0),"",N32/$N$6)
A33: =IFERROR(INDEX(_Segéd!$D$2:$D$121,MATCH(9,_Segéd!$E$2:$E$121,0)),"") | B33: =IF($A33="","",SUMIF(Január!$A$18:$A$27,$A33,Január!$B$18:$B$27)) | C33: =IF($A33="","",SUMIF(Február!$A$18:$A$27,$A33,Február!$B$18:$B$27)) | D33: =IF($A33="","",SUMIF(Március!$A$18:$A$27,$A33,Március!$B$18:$B$27)) | E33: =IF($A33="","",SUMIF(Április!$A$18:$A$27,$A33,Április!$B$18:$B$27)) | F33: =IF($A33="","",SUMIF(Május!$A$18:$A$27,$A33,Május!$B$18:$B$27)) | G33: =IF($A33="","",SUMIF(Június!$A$18:$A$27,$A33,Június!$B$18:$B$27)) | H33: =IF($A33="","",SUMIF(Július!$A$18:$A$27,$A33,Július!$B$18:$B$27)) | I33: =IF($A33="","",SUMIF(Augusztus!$A$18:$A$27,$A33,Augusztus!$B$18:$B$27)) | J33: =IF($A33="","",SUMIF(Szeptember!$A$18:$A$27,$A33,Szeptember!$B$18:$B$27)) | K33: =IF($A33="","",SUMIF(Október!$A$18:$A$27,$A33,Október!$B$18:$B$27)) | L33: =IF($A33="","",SUMIF(November!$A$18:$A$27,$A33,November!$B$18:$B$27)) | M33: =IF($A33="","",SUMIF(December!$A$18:$A$27,$A33,December!$B$18:$B$27)) | N33: =IF($A33="","",SUM(B33:M33)) | O33: =IF($A33="","",N33/MAX(1,$Q$1)) | P33: =IF(OR(N33="",$N$6=0),"",N33/$N$6)
A34: =IFERROR(INDEX(_Segéd!$D$2:$D$121,MATCH(10,_Segéd!$E$2:$E$121,0)),"") | B34: =IF($A34="","",SUMIF(Január!$A$18:$A$27,$A34,Január!$B$18:$B$27)) | C34: =IF($A34="","",SUMIF(Február!$A$18:$A$27,$A34,Február!$B$18:$B$27)) | D34: =IF($A34="","",SUMIF(Március!$A$18:$A$27,$A34,Március!$B$18:$B$27)) | E34: =IF($A34="","",SUMIF(Április!$A$18:$A$27,$A34,Április!$B$18:$B$27)) | F34: =IF($A34="","",SUMIF(Május!$A$18:$A$27,$A34,Május!$B$18:$B$27)) | G34: =IF($A34="","",SUMIF(Június!$A$18:$A$27,$A34,Június!$B$18:$B$27)) | H34: =IF($A34="","",SUMIF(Július!$A$18:$A$27,$A34,Július!$B$18:$B$27)) | I34: =IF($A34="","",SUMIF(Augusztus!$A$18:$A$27,$A34,Augusztus!$B$18:$B$27)) | J34: =IF($A34="","",SUMIF(Szeptember!$A$18:$A$27,$A34,Szeptember!$B$18:$B$27)) | K34: =IF($A34="","",SUMIF(Október!$A$18:$A$27,$A34,Október!$B$18:$B$27)) | L34: =IF($A34="","",SUMIF(November!$A$18:$A$27,$A34,November!$B$18:$B$27)) | M34: =IF($A34="","",SUMIF(December!$A$18:$A$27,$A34,December!$B$18:$B$27)) | N34: =IF($A34="","",SUM(B34:M34)) | O34: =IF($A34="","",N34/MAX(1,$Q$1)) | P34: =IF(OR(N34="",$N$6=0),"",N34/$N$6)
A35: =IFERROR(INDEX(_Segéd!$D$2:$D$121,MATCH(11,_Segéd!$E$2:$E$121,0)),"") | B35: =IF($A35="","",SUMIF(Január!$A$18:$A$27,$A35,Január!$B$18:$B$27)) | C35: =IF($A35="","",SUMIF(Február!$A$18:$A$27,$A35,Február!$B$18:$B$27)) | D35: =IF($A35="","",SUMIF(Március!$A$18:$A$27,$A35,Március!$B$18:$B$27)) | E35: =IF($A35="","",SUMIF(Április!$A$18:$A$27,$A35,Április!$B$18:$B$27)) | F35: =IF($A35="","",SUMIF(Május!$A$18:$A$27,$A35,Május!$B$18:$B$27)) | G35: =IF($A35="","",SUMIF(Június!$A$18:$A$27,$A35,Június!$B$18:$B$27)) | H35: =IF($A35="","",SUMIF(Július!$A$18:$A$27,$A35,Július!$B$18:$B$27)) | I35: =IF($A35="","",SUMIF(Augusztus!$A$18:$A$27,$A35,Augusztus!$B$18:$B$27)) | J35: =IF($A35="","",SUMIF(Szeptember!$A$18:$A$27,$A35,Szeptember!$B$18:$B$27)) | K35: =IF($A35="","",SUMIF(Október!$A$18:$A$27,$A35,Október!$B$18:$B$27)) | L35: =IF($A35="","",SUMIF(November!$A$18:$A$27,$A35,November!$B$18:$B$27)) | M35: =IF($A35="","",SUMIF(December!$A$18:$A$27,$A35,December!$B$18:$B$27)) | N35: =IF($A35="","",SUM(B35:M35)) | O35: =IF($A35="","",N35/MAX(1,$Q$1)) | P35: =IF(OR(N35="",$N$6=0),"",N35/$N$6)
A36: =IFERROR(INDEX(_Segéd!$D$2:$D$121,MATCH(12,_Segéd!$E$2:$E$121,0)),"") | B36: =IF($A36="","",SUMIF(Január!$A$18:$A$27,$A36,Január!$B$18:$B$27)) | C36: =IF($A36="","",SUMIF(Február!$A$18:$A$27,$A36,Február!$B$18:$B$27)) | D36: =IF($A36="","",SUMIF(Március!$A$18:$A$27,$A36,Március!$B$18:$B$27)) | E36: =IF($A36="","",SUMIF(Április!$A$18:$A$27,$A36,Április!$B$18:$B$27)) | F36: =IF($A36="","",SUMIF(Május!$A$18:$A$27,$A36,Május!$B$18:$B$27)) | G36: =IF($A36="","",SUMIF(Június!$A$18:$A$27,$A36,Június!$B$18:$B$27)) | H36: =IF($A36="","",SUMIF(Július!$A$18:$A$27,$A36,Július!$B$18:$B$27)) | I36: =IF($A36="","",SUMIF(Augusztus!$A$18:$A$27,$A36,Augusztus!$B$18:$B$27)) | J36: =IF($A36="","",SUMIF(Szeptember!$A$18:$A$27,$A36,Szeptember!$B$18:$B$27)) | K36: =IF($A36="","",SUMIF(Október!$A$18:$A$27,$A36,Október!$B$18:$B$27)) | L36: =IF($A36="","",SUMIF(November!$A$18:$A$27,$A36,November!$B$18:$B$27)) | M36: =IF($A36="","",SUMIF(December!$A$18:$A$27,$A36,December!$B$18:$B$27)) | N36: =IF($A36="","",SUM(B36:M36)) | O36: =IF($A36="","",N36/MAX(1,$Q$1)) | P36: =IF(OR(N36="",$N$6=0),"",N36/$N$6)
A37: =IFERROR(INDEX(_Segéd!$D$2:$D$121,MATCH(13,_Segéd!$E$2:$E$121,0)),"") | B37: =IF($A37="","",SUMIF(Január!$A$18:$A$27,$A37,Január!$B$18:$B$27)) | C37: =IF($A37="","",SUMIF(Február!$A$18:$A$27,$A37,Február!$B$18:$B$27)) | D37: =IF($A37="","",SUMIF(Március!$A$18:$A$27,$A37,Március!$B$18:$B$27)) | E37: =IF($A37="","",SUMIF(Április!$A$18:$A$27,$A37,Április!$B$18:$B$27)) | F37: =IF($A37="","",SUMIF(Május!$A$18:$A$27,$A37,Május!$B$18:$B$27)) | G37: =IF($A37="","",SUMIF(Június!$A$18:$A$27,$A37,Június!$B$18:$B$27)) | H37: =IF($A37="","",SUMIF(Július!$A$18:$A$27,$A37,Július!$B$18:$B$27)) | I37: =IF($A37="","",SUMIF(Augusztus!$A$18:$A$27,$A37,Augusztus!$B$18:$B$27)) | J37: =IF($A37="","",SUMIF(Szeptember!$A$18:$A$27,$A37,Szeptember!$B$18:$B$27)) | K37: =IF($A37="","",SUMIF(Október!$A$18:$A$27,$A37,Október!$B$18:$B$27)) | L37: =IF($A37="","",SUMIF(November!$A$18:$A$27,$A37,November!$B$18:$B$27)) | M37: =IF($A37="","",SUMIF(December!$A$18:$A$27,$A37,December!$B$18:$B$27)) | N37: =IF($A37="","",SUM(B37:M37)) | O37: =IF($A37="","",N37/MAX(1,$Q$1)) | P37: =IF(OR(N37="",$N$6=0),"",N37/$N$6)
A38: =IFERROR(INDEX(_Segéd!$D$2:$D$121,MATCH(14,_Segéd!$E$2:$E$121,0)),"") | B38: =IF($A38="","",SUMIF(Január!$A$18:$A$27,$A38,Január!$B$18:$B$27)) | C38: =IF($A38="","",SUMIF(Február!$A$18:$A$27,$A38,Február!$B$18:$B$27)) | D38: =IF($A38="","",SUMIF(Március!$A$18:$A$27,$A38,Március!$B$18:$B$27)) | E38: =IF($A38="","",SUMIF(Április!$A$18:$A$27,$A38,Április!$B$18:$B$27)) | F38: =IF($A38="","",SUMIF(Május!$A$18:$A$27,$A38,Május!$B$18:$B$27)) | G38: =IF($A38="","",SUMIF(Június!$A$18:$A$27,$A38,Június!$B$18:$B$27)) | H38: =IF($A38="","",SUMIF(Július!$A$18:$A$27,$A38,Július!$B$18:$B$27)) | I38: =IF($A38="","",SUMIF(Augusztus!$A$18:$A$27,$A38,Augusztus!$B$18:$B$27)) | J38: =IF($A38="","",SUMIF(Szeptember!$A$18:$A$27,$A38,Szeptember!$B$18:$B$27)) | K38: =IF($A38="","",SUMIF(Október!$A$18:$A$27,$A38,Október!$B$18:$B$27)) | L38: =IF($A38="","",SUMIF(November!$A$18:$A$27,$A38,November!$B$18:$B$27)) | M38: =IF($A38="","",SUMIF(December!$A$18:$A$27,$A38,December!$B$18:$B$27)) | N38: =IF($A38="","",SUM(B38:M38)) | O38: =IF($A38="","",N38/MAX(1,$Q$1)) | P38: =IF(OR(N38="",$N$6=0),"",N38/$N$6)
A39: ❤️ KIADÁSOK KATEGÓRIÁNKÉNT | B39: Jan | C39: Feb | D39: Már | E39: Ápr | F39: Máj | G39: Jún | H39: Júl | I39: Aug | J39: Sze | K39: Okt | L39: Nov | M39: Dec | N39: ÉVES | O39: Havi átlag* | P39: Arány
A40: Lakhatás | B40: =Január!C35 -> 0 | C40: =Február!C35 -> 0 | D40: =Március!C35 -> 0 | E40: =Április!C35 -> 0 | F40: =Május!C35 -> 0 | G40: =Június!C35 -> 0 | H40: =Július!C35 -> 0 | I40: =Augusztus!C35 -> 0 | J40: =Szeptember!C35 -> 0 | K40: =Október!C35 -> 0 | L40: =November!C35 -> 0 | M40: =December!C35 -> 0 | N40: =SUM(B40:M40) -> 0 | O40: =N40/MAX(1,$Q$1) -> 0 | P40: =IF(OR(N40="",$N$7=0),"",N40/$N$7)
A41: Étkezés, bevásárlás | B41: =Január!C42 -> 0 | C41: =Február!C42 -> 0 | D41: =Március!C42 -> 0 | E41: =Április!C42 -> 0 | F41: =Május!C42 -> 0 | G41: =Június!C42 -> 0 | H41: =Július!C42 -> 0 | I41: =Augusztus!C42 -> 0 | J41: =Szeptember!C42 -> 0 | K41: =Október!C42 -> 0 | L41: =November!C42 -> 0 | M41: =December!C42 -> 0 | N41: =SUM(B41:M41) -> 0 | O41: =N41/MAX(1,$Q$1) -> 0 | P41: =IF(OR(N41="",$N$7=0),"",N41/$N$7)
A42: Pénzügyek (biztosítások, szerződések és hitelek) | B42: =Január!C52 -> 0 | C42: =Február!C52 -> 0 | D42: =Március!C52 -> 0 | E42: =Április!C52 -> 0 | F42: =Május!C52 -> 0 | G42: =Június!C52 -> 0 | H42: =Július!C52 -> 0 | I42: =Augusztus!C52 -> 0 | J42: =Szeptember!C52 -> 0 | K42: =Október!C52 -> 0 | L42: =November!C52 -> 0 | M42: =December!C52 -> 0 | N42: =SUM(B42:M42) -> 0 | O42: =N42/MAX(1,$Q$1) -> 0 | P42: =IF(OR(N42="",$N$7=0),"",N42/$N$7)
A43: Közlekedés | B43: =Január!C66 -> 0 | C43: =Február!C66 -> 0 | D43: =Március!C66 -> 0 | E43: =Április!C66 -> 0 | F43: =Május!C66 -> 0 | G43: =Június!C66 -> 0 | H43: =Július!C66 -> 0 | I43: =Augusztus!C66 -> 0 | J43: =Szeptember!C66 -> 0 | K43: =Október!C66 -> 0 | L43: =November!C66 -> 0 | M43: =December!C66 -> 0 | N43: =SUM(B43:M43) -> 0 | O43: =N43/MAX(1,$Q$1) -> 0 | P43: =IF(OR(N43="",$N$7=0),"",N43/$N$7)
A44: Gyerekek | B44: =Január!C79 -> 0 | C44: =Február!C79 -> 0 | D44: =Március!C79 -> 0 | E44: =Április!C79 -> 0 | F44: =Május!C79 -> 0 | G44: =Június!C79 -> 0 | H44: =Július!C79 -> 0 | I44: =Augusztus!C79 -> 0 | J44: =Szeptember!C79 -> 0 | K44: =Október!C79 -> 0 | L44: =November!C79 -> 0 | M44: =December!C79 -> 0 | N44: =SUM(B44:M44) -> 0 | O44: =N44/MAX(1,$Q$1) -> 0 | P44: =IF(OR(N44="",$N$7=0),"",N44/$N$7)
A45: Ruházkodás | B45: =Január!C85 -> 0 | C45: =Február!C85 -> 0 | D45: =Március!C85 -> 0 | E45: =Április!C85 -> 0 | F45: =Május!C85 -> 0 | G45: =Június!C85 -> 0 | H45: =Július!C85 -> 0 | I45: =Augusztus!C85 -> 0 | J45: =Szeptember!C85 -> 0 | K45: =Október!C85 -> 0 | L45: =November!C85 -> 0 | M45: =December!C85 -> 0 | N45: =SUM(B45:M45) -> 0 | O45: =N45/MAX(1,$Q$1) -> 0 | P45: =IF(OR(N45="",$N$7=0),"",N45/$N$7)
A46: Szépségápolás és egészség | B46: =Január!C94 -> 0 | C46: =Február!C94 -> 0 | D46: =Március!C94 -> 0 | E46: =Április!C94 -> 0 | F46: =Május!C94 -> 0 | G46: =Június!C94 -> 0 | H46: =Július!C94 -> 0 | I46: =Augusztus!C94 -> 0 | J46: =Szeptember!C94 -> 0 | K46: =Október!C94 -> 0 | L46: =November!C94 -> 0 | M46: =December!C94 -> 0 | N46: =SUM(B46:M46) -> 0 | O46: =N46/MAX(1,$Q$1) -> 0 | P46: =IF(OR(N46="",$N$7=0),"",N46/$N$7)
A47: Dohányzás | B47: =Január!C99 -> 0 | C47: =Február!C99 -> 0 | D47: =Március!C99 -> 0 | E47: =Április!C99 -> 0 | F47: =Május!C99 -> 0 | G47: =Június!C99 -> 0 | H47: =Július!C99 -> 0 | I47: =Augusztus!C99 -> 0 | J47: =Szeptember!C99 -> 0 | K47: =Október!C99 -> 0 | L47: =November!C99 -> 0 | M47: =December!C99 -> 0 | N47: =SUM(B47:M47) -> 0 | O47: =N47/MAX(1,$Q$1) -> 0 | P47: =IF(OR(N47="",$N$7=0),"",N47/$N$7)
A48: Háziállat | B48: =Január!C106 -> 0 | C48: =Február!C106 -> 0 | D48: =Március!C106 -> 0 | E48: =Április!C106 -> 0 | F48: =Május!C106 -> 0 | G48: =Június!C106 -> 0 | H48: =Július!C106 -> 0 | I48: =Augusztus!C106 -> 0 | J48: =Szeptember!C106 -> 0 | K48: =Október!C106 -> 0 | L48: =November!C106 -> 0 | M48: =December!C106 -> 0 | N48: =SUM(B48:M48) -> 0 | O48: =N48/MAX(1,$Q$1) -> 0 | P48: =IF(OR(N48="",$N$7=0),"",N48/$N$7)
A49: Szabadidő | B49: =Január!C112 -> 0 | C49: =Február!C112 -> 0 | D49: =Március!C112 -> 0 | E49: =Április!C112 -> 0 | F49: =Május!C112 -> 0 | G49: =Június!C112 -> 0 | H49: =Július!C112 -> 0 | I49: =Augusztus!C112 -> 0 | J49: =Szeptember!C112 -> 0 | K49: =Október!C112 -> 0 | L49: =November!C112 -> 0 | M49: =December!C112 -> 0 | N49: =SUM(B49:M49) -> 0 | O49: =N49/MAX(1,$Q$1) -> 0 | P49: =IF(OR(N49="",$N$7=0),"",N49/$N$7)
A50: Egyéb | B50: =Január!C117 -> 0 | C50: =Február!C117 -> 0 | D50: =Március!C117 -> 0 | E50: =Április!C117 -> 0 | F50: =Május!C117 -> 0 | G50: =Június!C117 -> 0 | H50: =Július!C117 -> 0 | I50: =Augusztus!C117 -> 0 | J50: =Szeptember!C117 -> 0 | K50: =Október!C117 -> 0 | L50: =November!C117 -> 0 | M50: =December!C117 -> 0 | N50: =SUM(B50:M50) -> 0 | O50: =N50/MAX(1,$Q$1) -> 0 | P50: =IF(OR(N50="",$N$7=0),"",N50/$N$7)
A51: ❤️ KIADÁSOK TÉTELENKÉNT | B51: Jan | C51: Feb | D51: Már | E51: Ápr | F51: Máj | G51: Jún | H51: Júl | I51: Aug | J51: Sze | K51: Okt | L51: Nov | M51: Dec | N51: ÉVES | O51: Havi átlag* | P51: Arány
A52: =IFERROR(INDEX(_Segéd!$G$2:$G$793,MATCH(1,_Segéd!$H$2:$H$793,0)),"") -> Albérleti díj / lakáshitel | B52: =IF($A52="","",SUMIF(Január!$A$31:$A$116,$A52,Január!$B$31:$B$116)) -> 0 | C52: =IF($A52="","",SUMIF(Február!$A$31:$A$116,$A52,Február!$B$31:$B$116)) -> 0 | D52: =IF($A52="","",SUMIF(Március!$A$31:$A$116,$A52,Március!$B$31:$B$116)) -> 0 | E52: =IF($A52="","",SUMIF(Április!$A$31:$A$116,$A52,Április!$B$31:$B$116)) -> 0 | F52: =IF($A52="","",SUMIF(Május!$A$31:$A$116,$A52,Május!$B$31:$B$116)) -> 0 | G52: =IF($A52="","",SUMIF(Június!$A$31:$A$116,$A52,Június!$B$31:$B$116)) -> 0 | H52: =IF($A52="","",SUMIF(Július!$A$31:$A$116,$A52,Július!$B$31:$B$116)) -> 0 | I52: =IF($A52="","",SUMIF(Augusztus!$A$31:$A$116,$A52,Augusztus!$B$31:$B$116)) -> 0 | J52: =IF($A52="","",SUMIF(Szeptember!$A$31:$A$116,$A52,Szeptember!$B$31:$B$116)) -> 0 | K52: =IF($A52="","",SUMIF(Október!$A$31:$A$116,$A52,Október!$B$31:$B$116)) -> 0 | L52: =IF($A52="","",SUMIF(November!$A$31:$A$116,$A52,November!$B$31:$B$116)) -> 0 | M52: =IF($A52="","",SUMIF(December!$A$31:$A$116,$A52,December!$B$31:$B$116)) -> 0 | N52: =IF($A52="","",SUM(B52:M52)) -> 0 | O52: =IF($A52="","",N52/MAX(1,$Q$1)) -> 0 | P52: =IF(OR(N52="",$N$7=0),"",N52/$N$7)
A53: =IFERROR(INDEX(_Segéd!$G$2:$G$793,MATCH(2,_Segéd!$H$2:$H$793,0)),"") -> Rezsi (közművek, közös költség) | B53: =IF($A53="","",SUMIF(Január!$A$31:$A$116,$A53,Január!$B$31:$B$116)) -> 0 | C53: =IF($A53="","",SUMIF(Február!$A$31:$A$116,$A53,Február!$B$31:$B$116)) -> 0 | D53: =IF($A53="","",SUMIF(Március!$A$31:$A$116,$A53,Március!$B$31:$B$116)) -> 0 | E53: =IF($A53="","",SUMIF(Április!$A$31:$A$116,$A53,Április!$B$31:$B$116)) -> 0 | F53: =IF($A53="","",SUMIF(Május!$A$31:$A$116,$A53,Május!$B$31:$B$116)) -> 0 | G53: =IF($A53="","",SUMIF(Június!$A$31:$A$116,$A53,Június!$B$31:$B$116)) -> 0 | H53: =IF($A53="","",SUMIF(Július!$A$31:$A$116,$A53,Július!$B$31:$B$116)) -> 0 | I53: =IF($A53="","",SUMIF(Augusztus!$A$31:$A$116,$A53,Augusztus!$B$31:$B$116)) -> 0 | J53: =IF($A53="","",SUMIF(Szeptember!$A$31:$A$116,$A53,Szeptember!$B$31:$B$116)) -> 0 | K53: =IF($A53="","",SUMIF(Október!$A$31:$A$116,$A53,Október!$B$31:$B$116)) -> 0 | L53: =IF($A53="","",SUMIF(November!$A$31:$A$116,$A53,November!$B$31:$B$116)) -> 0 | M53: =IF($A53="","",SUMIF(December!$A$31:$A$116,$A53,December!$B$31:$B$116)) -> 0 | N53: =IF($A53="","",SUM(B53:M53)) -> 0 | O53: =IF($A53="","",N53/MAX(1,$Q$1)) -> 0 | P53: =IF(OR(N53="",$N$7=0),"",N53/$N$7)
A54: =IFERROR(INDEX(_Segéd!$G$2:$G$793,MATCH(3,_Segéd!$H$2:$H$793,0)),"") -> Telefon, internet, digitális előfizetések | B54: =IF($A54="","",SUMIF(Január!$A$31:$A$116,$A54,Január!$B$31:$B$116)) -> 0 | C54: =IF($A54="","",SUMIF(Február!$A$31:$A$116,$A54,Február!$B$31:$B$116)) -> 0 | D54: =IF($A54="","",SUMIF(Március!$A$31:$A$116,$A54,Március!$B$31:$B$116)) -> 0 | E54: =IF($A54="","",SUMIF(Április!$A$31:$A$116,$A54,Április!$B$31:$B$116)) -> 0 | F54: =IF($A54="","",SUMIF(Május!$A$31:$A$116,$A54,Május!$B$31:$B$116)) -> 0 | G54: =IF($A54="","",SUMIF(Június!$A$31:$A$116,$A54,Június!$B$31:$B$116)) -> 0 | H54: =IF($A54="","",SUMIF(Július!$A$31:$A$116,$A54,Július!$B$31:$B$116)) -> 0 | I54: =IF($A54="","",SUMIF(Augusztus!$A$31:$A$116,$A54,Augusztus!$B$31:$B$116)) -> 0 | J54: =IF($A54="","",SUMIF(Szeptember!$A$31:$A$116,$A54,Szeptember!$B$31:$B$116)) -> 0 | K54: =IF($A54="","",SUMIF(Október!$A$31:$A$116,$A54,Október!$B$31:$B$116)) -> 0 | L54: =IF($A54="","",SUMIF(November!$A$31:$A$116,$A54,November!$B$31:$B$116)) -> 0 | M54: =IF($A54="","",SUMIF(December!$A$31:$A$116,$A54,December!$B$31:$B$116)) -> 0 | N54: =IF($A54="","",SUM(B54:M54)) -> 0 | O54: =IF($A54="","",N54/MAX(1,$Q$1)) -> 0 | P54: =IF(OR(N54="",$N$7=0),"",N54/$N$7)
A55: =IFERROR(INDEX(_Segéd!$G$2:$G$793,MATCH(4,_Segéd!$H$2:$H$793,0)),"") -> Nagybevásárlások | B55: =IF($A55="","",SUMIF(Január!$A$31:$A$116,$A55,Január!$B$31:$B$116)) -> 0 | C55: =IF($A55="","",SUMIF(Február!$A$31:$A$116,$A55,Február!$B$31:$B$116)) -> 0 | D55: =IF($A55="","",SUMIF(Március!$A$31:$A$116,$A55,Március!$B$31:$B$116)) -> 0 | E55: =IF($A55="","",SUMIF(Április!$A$31:$A$116,$A55,Április!$B$31:$B$116)) -> 0 | F55: =IF($A55="","",SUMIF(Május!$A$31:$A$116,$A55,Május!$B$31:$B$116)) -> 0 | G55: =IF($A55="","",SUMIF(Június!$A$31:$A$116,$A55,Június!$B$31:$B$116)) -> 0 | H55: =IF($A55="","",SUMIF(Július!$A$31:$A$116,$A55,Július!$B$31:$B$116)) -> 0 | I55: =IF($A55="","",SUMIF(Augusztus!$A$31:$A$116,$A55,Augusztus!$B$31:$B$116)) -> 0 | J55: =IF($A55="","",SUMIF(Szeptember!$A$31:$A$116,$A55,Szeptember!$B$31:$B$116)) -> 0 | K55: =IF($A55="","",SUMIF(Október!$A$31:$A$116,$A55,Október!$B$31:$B$116)) -> 0 | L55: =IF($A55="","",SUMIF(November!$A$31:$A$116,$A55,November!$B$31:$B$116)) -> 0 | M55: =IF($A55="","",SUMIF(December!$A$31:$A$116,$A55,December!$B$31:$B$116)) -> 0 | N55: =IF($A55="","",SUM(B55:M55)) -> 0 | O55: =IF($A55="","",N55/MAX(1,$Q$1)) -> 0 | P55: =IF(OR(N55="",$N$7=0),"",N55/$N$7)
A56: =IFERROR(INDEX(_Segéd!$G$2:$G$793,MATCH(5,_Segéd!$H$2:$H$793,0)),"") -> Drogéria | B56: =IF($A56="","",SUMIF(Január!$A$31:$A$116,$A56,Január!$B$31:$B$116)) -> 0 | C56: =IF($A56="","",SUMIF(Február!$A$31:$A$116,$A56,Február!$B$31:$B$116)) -> 0 | D56: =IF($A56="","",SUMIF(Március!$A$31:$A$116,$A56,Március!$B$31:$B$116)) -> 0 | E56: =IF($A56="","",SUMIF(Április!$A$31:$A$116,$A56,Április!$B$31:$B$116)) -> 0 | F56: =IF($A56="","",SUMIF(Május!$A$31:$A$116,$A56,Május!$B$31:$B$116)) -> 0 | G56: =IF($A56="","",SUMIF(Június!$A$31:$A$116,$A56,Június!$B$31:$B$116)) -> 0 | H56: =IF($A56="","",SUMIF(Július!$A$31:$A$116,$A56,Július!$B$31:$B$116)) -> 0 | I56: =IF($A56="","",SUMIF(Augusztus!$A$31:$A$116,$A56,Augusztus!$B$31:$B$116)) -> 0 | J56: =IF($A56="","",SUMIF(Szeptember!$A$31:$A$116,$A56,Szeptember!$B$31:$B$116)) -> 0 | K56: =IF($A56="","",SUMIF(Október!$A$31:$A$116,$A56,Október!$B$31:$B$116)) -> 0 | L56: =IF($A56="","",SUMIF(November!$A$31:$A$116,$A56,November!$B$31:$B$116)) -> 0 | M56: =IF($A56="","",SUMIF(December!$A$31:$A$116,$A56,December!$B$31:$B$116)) -> 0 | N56: =IF($A56="","",SUM(B56:M56)) -> 0 | O56: =IF($A56="","",N56/MAX(1,$Q$1)) -> 0 | P56: =IF(OR(N56="",$N$7=0),"",N56/$N$7)
A57: =IFERROR(INDEX(_Segéd!$G$2:$G$793,MATCH(6,_Segéd!$H$2:$H$793,0)),"") -> Ételrendelés | B57: =IF($A57="","",SUMIF(Január!$A$31:$A$116,$A57,Január!$B$31:$B$116)) -> 0 | C57: =IF($A57="","",SUMIF(Február!$A$31:$A$116,$A57,Február!$B$31:$B$116)) -> 0 | D57: =IF($A57="","",SUMIF(Március!$A$31:$A$116,$A57,Március!$B$31:$B$116)) -> 0 | E57: =IF($A57="","",SUMIF(Április!$A$31:$A$116,$A57,Április!$B$31:$B$116)) -> 0 | F57: =IF($A57="","",SUMIF(Május!$A$31:$A$116,$A57,Május!$B$31:$B$116)) -> 0 | G57: =IF($A57="","",SUMIF(Június!$A$31:$A$116,$A57,Június!$B$31:$B$116)) -> 0 | H57: =IF($A57="","",SUMIF(Július!$A$31:$A$116,$A57,Július!$B$31:$B$116)) -> 0 | I57: =IF($A57="","",SUMIF(Augusztus!$A$31:$A$116,$A57,Augusztus!$B$31:$B$116)) -> 0 | J57: =IF($A57="","",SUMIF(Szeptember!$A$31:$A$116,$A57,Szeptember!$B$31:$B$116)) -> 0 | K57: =IF($A57="","",SUMIF(Október!$A$31:$A$116,$A57,Október!$B$31:$B$116)) -> 0 | L57: =IF($A57="","",SUMIF(November!$A$31:$A$116,$A57,November!$B$31:$B$116)) -> 0 | M57: =IF($A57="","",SUMIF(December!$A$31:$A$116,$A57,December!$B$31:$B$116)) -> 0 | N57: =IF($A57="","",SUM(B57:M57)) -> 0 | O57: =IF($A57="","",N57/MAX(1,$Q$1)) -> 0 | P57: =IF(OR(N57="",$N$7=0),"",N57/$N$7)
A58: =IFERROR(INDEX(_Segéd!$G$2:$G$793,MATCH(7,_Segéd!$H$2:$H$793,0)),"") -> Egyéb élelmiszer, bevásárlás | B58: =IF($A58="","",SUMIF(Január!$A$31:$A$116,$A58,Január!$B$31:$B$116)) -> 0 | C58: =IF($A58="","",SUMIF(Február!$A$31:$A$116,$A58,Február!$B$31:$B$116)) -> 0 | D58: =IF($A58="","",SUMIF(Március!$A$31:$A$116,$A58,Március!$B$31:$B$116)) -> 0 | E58: =IF($A58="","",SUMIF(Április!$A$31:$A$116,$A58,Április!$B$31:$B$116)) -> 0 | F58: =IF($A58="","",SUMIF(Május!$A$31:$A$116,$A58,Május!$B$31:$B$116)) -> 0 | G58: =IF($A58="","",SUMIF(Június!$A$31:$A$116,$A58,Június!$B$31:$B$116)) -> 0 | H58: =IF($A58="","",SUMIF(Július!$A$31:$A$116,$A58,Július!$B$31:$B$116)) -> 0 | I58: =IF($A58="","",SUMIF(Augusztus!$A$31:$A$116,$A58,Augusztus!$B$31:$B$116)) -> 0 | J58: =IF($A58="","",SUMIF(Szeptember!$A$31:$A$116,$A58,Szeptember!$B$31:$B$116)) -> 0 | K58: =IF($A58="","",SUMIF(Október!$A$31:$A$116,$A58,Október!$B$31:$B$116)) -> 0 | L58: =IF($A58="","",SUMIF(November!$A$31:$A$116,$A58,November!$B$31:$B$116)) -> 0 | M58: =IF($A58="","",SUMIF(December!$A$31:$A$116,$A58,December!$B$31:$B$116)) -> 0 | N58: =IF($A58="","",SUM(B58:M58)) -> 0 | O58: =IF($A58="","",N58/MAX(1,$Q$1)) -> 0 | P58: =IF(OR(N58="",$N$7=0),"",N58/$N$7)
A59: =IFERROR(INDEX(_Segéd!$G$2:$G$793,MATCH(8,_Segéd!$H$2:$H$793,0)),"") -> Lakásbiztosítás | B59: =IF($A59="","",SUMIF(Január!$A$31:$A$116,$A59,Január!$B$31:$B$116)) -> 0 | C59: =IF($A59="","",SUMIF(Február!$A$31:$A$116,$A59,Február!$B$31:$B$116)) -> 0 | D59: =IF($A59="","",SUMIF(Március!$A$31:$A$116,$A59,Március!$B$31:$B$116)) -> 0 | E59: =IF($A59="","",SUMIF(Április!$A$31:$A$116,$A59,Április!$B$31:$B$116)) -> 0 | F59: =IF($A59="","",SUMIF(Május!$A$31:$A$116,$A59,Május!$B$31:$B$116)) -> 0 | G59: =IF($A59="","",SUMIF(Június!$A$31:$A$116,$A59,Június!$B$31:$B$116)) -> 0 | H59: =IF($A59="","",SUMIF(Július!$A$31:$A$116,$A59,Július!$B$31:$B$116)) -> 0 | I59: =IF($A59="","",SUMIF(Augusztus!$A$31:$A$116,$A59,Augusztus!$B$31:$B$116)) -> 0 | J59: =IF($A59="","",SUMIF(Szeptember!$A$31:$A$116,$A59,Szeptember!$B$31:$B$116)) -> 0 | K59: =IF($A59="","",SUMIF(Október!$A$31:$A$116,$A59,Október!$B$31:$B$116)) -> 0 | L59: =IF($A59="","",SUMIF(November!$A$31:$A$116,$A59,November!$B$31:$B$116)) -> 0 | M59: =IF($A59="","",SUMIF(December!$A$31:$A$116,$A59,December!$B$31:$B$116)) -> 0 | N59: =IF($A59="","",SUM(B59:M59)) -> 0 | O59: =IF($A59="","",N59/MAX(1,$Q$1)) -> 0 | P59: =IF(OR(N59="",$N$7=0),"",N59/$N$7)
A60: =IFERROR(INDEX(_Segéd!$G$2:$G$793,MATCH(9,_Segéd!$H$2:$H$793,0)),"") -> Életbiztosítás | B60: =IF($A60="","",SUMIF(Január!$A$31:$A$116,$A60,Január!$B$31:$B$116)) -> 0 | C60: =IF($A60="","",SUMIF(Február!$A$31:$A$116,$A60,Február!$B$31:$B$116)) -> 0 | D60: =IF($A60="","",SUMIF(Március!$A$31:$A$116,$A60,Március!$B$31:$B$116)) -> 0 | E60: =IF($A60="","",SUMIF(Április!$A$31:$A$116,$A60,Április!$B$31:$B$116)) -> 0 | F60: =IF($A60="","",SUMIF(Május!$A$31:$A$116,$A60,Május!$B$31:$B$116)) -> 0 | G60: =IF($A60="","",SUMIF(Június!$A$31:$A$116,$A60,Június!$B$31:$B$116)) -> 0 | H60: =IF($A60="","",SUMIF(Július!$A$31:$A$116,$A60,Július!$B$31:$B$116)) -> 0 | I60: =IF($A60="","",SUMIF(Augusztus!$A$31:$A$116,$A60,Augusztus!$B$31:$B$116)) -> 0 | J60: =IF($A60="","",SUMIF(Szeptember!$A$31:$A$116,$A60,Szeptember!$B$31:$B$116)) -> 0 | K60: =IF($A60="","",SUMIF(Október!$A$31:$A$116,$A60,Október!$B$31:$B$116)) -> 0 | L60: =IF($A60="","",SUMIF(November!$A$31:$A$116,$A60,November!$B$31:$B$116)) -> 0 | M60: =IF($A60="","",SUMIF(December!$A$31:$A$116,$A60,December!$B$31:$B$116)) -> 0 | N60: =IF($A60="","",SUM(B60:M60)) -> 0 | O60: =IF($A60="","",N60/MAX(1,$Q$1)) -> 0 | P60: =IF(OR(N60="",$N$7=0),"",N60/$N$7)
A61: =IFERROR(INDEX(_Segéd!$G$2:$G$793,MATCH(10,_Segéd!$H$2:$H$793,0)),"") -> Baleset- és betegségbiztosítás | B61: =IF($A61="","",SUMIF(Január!$A$31:$A$116,$A61,Január!$B$31:$B$116)) -> 0 | C61: =IF($A61="","",SUMIF(Február!$A$31:$A$116,$A61,Február!$B$31:$B$116)) -> 0 | D61: =IF($A61="","",SUMIF(Március!$A$31:$A$116,$A61,Március!$B$31:$B$116)) -> 0 | E61: =IF($A61="","",SUMIF(Április!$A$31:$A$116,$A61,Április!$B$31:$B$116)) -> 0 | F61: =IF($A61="","",SUMIF(Május!$A$31:$A$116,$A61,Május!$B$31:$B$116)) -> 0 | G61: =IF($A61="","",SUMIF(Június!$A$31:$A$116,$A61,Június!$B$31:$B$116)) -> 0 | H61: =IF($A61="","",SUMIF(Július!$A$31:$A$116,$A61,Július!$B$31:$B$116)) -> 0 | I61: =IF($A61="","",SUMIF(Augusztus!$A$31:$A$116,$A61,Augusztus!$B$31:$B$116)) -> 0 | J61: =IF($A61="","",SUMIF(Szeptember!$A$31:$A$116,$A61,Szeptember!$B$31:$B$116)) -> 0 | K61: =IF($A61="","",SUMIF(Október!$A$31:$A$116,$A61,Október!$B$31:$B$116)) -> 0 | L61: =IF($A61="","",SUMIF(November!$A$31:$A$116,$A61,November!$B$31:$B$116)) -> 0 | M61: =IF($A61="","",SUMIF(December!$A$31:$A$116,$A61,December!$B$31:$B$116)) -> 0 | N61: =IF($A61="","",SUM(B61:M61)) -> 0 | O61: =IF($A61="","",N61/MAX(1,$Q$1)) -> 0 | P61: =IF(OR(N61="",$N$7=0),"",N61/$N$7)
A62: =IFERROR(INDEX(_Segéd!$G$2:$G$793,MATCH(11,_Segéd!$H$2:$H$793,0)),"") -> Egészségbiztosítás | B62: =IF($A62="","",SUMIF(Január!$A$31:$A$116,$A62,Január!$B$31:$B$116)) -> 0 | C62: =IF($A62="","",SUMIF(Február!$A$31:$A$116,$A62,Február!$B$31:$B$116)) -> 0 | D62: =IF($A62="","",SUMIF(Március!$A$31:$A$116,$A62,Március!$B$31:$B$116)) -> 0 | E62: =IF($A62="","",SUMIF(Április!$A$31:$A$116,$A62,Április!$B$31:$B$116)) -> 0 | F62: =IF($A62="","",SUMIF(Május!$A$31:$A$116,$A62,Május!$B$31:$B$116)) -> 0 | G62: =IF($A62="","",SUMIF(Június!$A$31:$A$116,$A62,Június!$B$31:$B$116)) -> 0 | H62: =IF($A62="","",SUMIF(Július!$A$31:$A$116,$A62,Július!$B$31:$B$116)) -> 0 | I62: =IF($A62="","",SUMIF(Augusztus!$A$31:$A$116,$A62,Augusztus!$B$31:$B$116)) -> 0 | J62: =IF($A62="","",SUMIF(Szeptember!$A$31:$A$116,$A62,Szeptember!$B$31:$B$116)) -> 0 | K62: =IF($A62="","",SUMIF(Október!$A$31:$A$116,$A62,Október!$B$31:$B$116)) -> 0 | L62: =IF($A62="","",SUMIF(November!$A$31:$A$116,$A62,November!$B$31:$B$116)) -> 0 | M62: =IF($A62="","",SUMIF(December!$A$31:$A$116,$A62,December!$B$31:$B$116)) -> 0 | N62: =IF($A62="","",SUM(B62:M62)) -> 0 | O62: =IF($A62="","",N62/MAX(1,$Q$1)) -> 0 | P62: =IF(OR(N62="",$N$7=0),"",N62/$N$7)
A63: =IFERROR(INDEX(_Segéd!$G$2:$G$793,MATCH(12,_Segéd!$H$2:$H$793,0)),"") -> Hiteltörlesztés | B63: =IF($A63="","",SUMIF(Január!$A$31:$A$116,$A63,Január!$B$31:$B$116)) -> 0 | C63: =IF($A63="","",SUMIF(Február!$A$31:$A$116,$A63,Február!$B$31:$B$116)) -> 0 | D63: =IF($A63="","",SUMIF(Március!$A$31:$A$116,$A63,Március!$B$31:$B$116)) -> 0 | E63: =IF($A63="","",SUMIF(Április!$A$31:$A$116,$A63,Április!$B$31:$B$116)) -> 0 | F63: =IF($A63="","",SUMIF(Május!$A$31:$A$116,$A63,Május!$B$31:$B$116)) -> 0 | G63: =IF($A63="","",SUMIF(Június!$A$31:$A$116,$A63,Június!$B$31:$B$116)) -> 0 | H63: =IF($A63="","",SUMIF(Július!$A$31:$A$116,$A63,Július!$B$31:$B$116)) -> 0 | I63: =IF($A63="","",SUMIF(Augusztus!$A$31:$A$116,$A63,Augusztus!$B$31:$B$116)) -> 0 | J63: =IF($A63="","",SUMIF(Szeptember!$A$31:$A$116,$A63,Szeptember!$B$31:$B$116)) -> 0 | K63: =IF($A63="","",SUMIF(Október!$A$31:$A$116,$A63,Október!$B$31:$B$116)) -> 0 | L63: =IF($A63="","",SUMIF(November!$A$31:$A$116,$A63,November!$B$31:$B$116)) -> 0 | M63: =IF($A63="","",SUMIF(December!$A$31:$A$116,$A63,December!$B$31:$B$116)) -> 0 | N63: =IF($A63="","",SUM(B63:M63)) -> 0 | O63: =IF($A63="","",N63/MAX(1,$Q$1)) -> 0 | P63: =IF(OR(N63="",$N$7=0),"",N63/$N$7)
A64: =IFERROR(INDEX(_Segéd!$G$2:$G$793,MATCH(13,_Segéd!$H$2:$H$793,0)),"") -> Egyéb szerződés | B64: =IF($A64="","",SUMIF(Január!$A$31:$A$116,$A64,Január!$B$31:$B$116)) -> 0 | C64: =IF($A64="","",SUMIF(Február!$A$31:$A$116,$A64,Február!$B$31:$B$116)) -> 0 | D64: =IF($A64="","",SUMIF(Március!$A$31:$A$116,$A64,Március!$B$31:$B$116)) -> 0 | E64: =IF($A64="","",SUMIF(Április!$A$31:$A$116,$A64,Április!$B$31:$B$116)) -> 0 | F64: =IF($A64="","",SUMIF(Május!$A$31:$A$116,$A64,Május!$B$31:$B$116)) -> 0 | G64: =IF($A64="","",SUMIF(Június!$A$31:$A$116,$A64,Június!$B$31:$B$116)) -> 0 | H64: =IF($A64="","",SUMIF(Július!$A$31:$A$116,$A64,Július!$B$31:$B$116)) -> 0 | I64: =IF($A64="","",SUMIF(Augusztus!$A$31:$A$116,$A64,Augusztus!$B$31:$B$116)) -> 0 | J64: =IF($A64="","",SUMIF(Szeptember!$A$31:$A$116,$A64,Szeptember!$B$31:$B$116)) -> 0 | K64: =IF($A64="","",SUMIF(Október!$A$31:$A$116,$A64,Október!$B$31:$B$116)) -> 0 | L64: =IF($A64="","",SUMIF(November!$A$31:$A$116,$A64,November!$B$31:$B$116)) -> 0 | M64: =IF($A64="","",SUMIF(December!$A$31:$A$116,$A64,December!$B$31:$B$116)) -> 0 | N64: =IF($A64="","",SUM(B64:M64)) -> 0 | O64: =IF($A64="","",N64/MAX(1,$Q$1)) -> 0 | P64: =IF(OR(N64="",$N$7=0),"",N64/$N$7)
A65: =IFERROR(INDEX(_Segéd!$G$2:$G$793,MATCH(14,_Segéd!$H$2:$H$793,0)),"") -> Üzemanyag, elektromos töltés | B65: =IF($A65="","",SUMIF(Január!$A$31:$A$116,$A65,Január!$B$31:$B$116)) -> 0 | C65: =IF($A65="","",SUMIF(Február!$A$31:$A$116,$A65,Február!$B$31:$B$116)) -> 0 | D65: =IF($A65="","",SUMIF(Március!$A$31:$A$116,$A65,Március!$B$31:$B$116)) -> 0 | E65: =IF($A65="","",SUMIF(Április!$A$31:$A$116,$A65,Április!$B$31:$B$116)) -> 0 | F65: =IF($A65="","",SUMIF(Május!$A$31:$A$116,$A65,Május!$B$31:$B$116)) -> 0 | G65: =IF($A65="","",SUMIF(Június!$A$31:$A$116,$A65,Június!$B$31:$B$116)) -> 0 | H65: =IF($A65="","",SUMIF(Július!$A$31:$A$116,$A65,Július!$B$31:$B$116)) -> 0 | I65: =IF($A65="","",SUMIF(Augusztus!$A$31:$A$116,$A65,Augusztus!$B$31:$B$116)) -> 0 | J65: =IF($A65="","",SUMIF(Szeptember!$A$31:$A$116,$A65,Szeptember!$B$31:$B$116)) -> 0 | K65: =IF($A65="","",SUMIF(Október!$A$31:$A$116,$A65,Október!$B$31:$B$116)) -> 0 | L65: =IF($A65="","",SUMIF(November!$A$31:$A$116,$A65,November!$B$31:$B$116)) -> 0 | M65: =IF($A65="","",SUMIF(December!$A$31:$A$116,$A65,December!$B$31:$B$116)) -> 0 | N65: =IF($A65="","",SUM(B65:M65)) -> 0 | O65: =IF($A65="","",N65/MAX(1,$Q$1)) -> 0 | P65: =IF(OR(N65="",$N$7=0),"",N65/$N$7)
A66: =IFERROR(INDEX(_Segéd!$G$2:$G$793,MATCH(15,_Segéd!$H$2:$H$793,0)),"") -> Parkolás, útdíj, autópálya-matrica | B66: =IF($A66="","",SUMIF(Január!$A$31:$A$116,$A66,Január!$B$31:$B$116)) -> 0 | C66: =IF($A66="","",SUMIF(Február!$A$31:$A$116,$A66,Február!$B$31:$B$116)) -> 0 | D66: =IF($A66="","",SUMIF(Március!$A$31:$A$116,$A66,Március!$B$31:$B$116)) -> 0 | E66: =IF($A66="","",SUMIF(Április!$A$31:$A$116,$A66,Április!$B$31:$B$116)) -> 0 | F66: =IF($A66="","",SUMIF(Május!$A$31:$A$116,$A66,Május!$B$31:$B$116)) -> 0 | G66: =IF($A66="","",SUMIF(Június!$A$31:$A$116,$A66,Június!$B$31:$B$116)) -> 0 | H66: =IF($A66="","",SUMIF(Július!$A$31:$A$116,$A66,Július!$B$31:$B$116)) -> 0 | I66: =IF($A66="","",SUMIF(Augusztus!$A$31:$A$116,$A66,Augusztus!$B$31:$B$116)) -> 0 | J66: =IF($A66="","",SUMIF(Szeptember!$A$31:$A$116,$A66,Szeptember!$B$31:$B$116)) -> 0 | K66: =IF($A66="","",SUMIF(Október!$A$31:$A$116,$A66,Október!$B$31:$B$116)) -> 0 | L66: =IF($A66="","",SUMIF(November!$A$31:$A$116,$A66,November!$B$31:$B$116)) -> 0 | M66: =IF($A66="","",SUMIF(December!$A$31:$A$116,$A66,December!$B$31:$B$116)) -> 0 | N66: =IF($A66="","",SUM(B66:M66)) -> 0 | O66: =IF($A66="","",N66/MAX(1,$Q$1)) -> 0 | P66: =IF(OR(N66="",$N$7=0),"",N66/$N$7)
A67: =IFERROR(INDEX(_Segéd!$G$2:$G$793,MATCH(16,_Segéd!$H$2:$H$793,0)),"") -> Szerviz, karbantartás, gumicsere | B67: =IF($A67="","",SUMIF(Január!$A$31:$A$116,$A67,Január!$B$31:$B$116)) -> 0 | C67: =IF($A67="","",SUMIF(Február!$A$31:$A$116,$A67,Február!$B$31:$B$116)) -> 0 | D67: =IF($A67="","",SUMIF(Március!$A$31:$A$116,$A67,Március!$B$31:$B$116)) -> 0 | E67: =IF($A67="","",SUMIF(Április!$A$31:$A$116,$A67,Április!$B$31:$B$116)) -> 0 | F67: =IF($A67="","",SUMIF(Május!$A$31:$A$116,$A67,Május!$B$31:$B$116)) -> 0 | G67: =IF($A67="","",SUMIF(Június!$A$31:$A$116,$A67,Június!$B$31:$B$116)) -> 0 | H67: =IF($A67="","",SUMIF(Július!$A$31:$A$116,$A67,Július!$B$31:$B$116)) -> 0 | I67: =IF($A67="","",SUMIF(Augusztus!$A$31:$A$116,$A67,Augusztus!$B$31:$B$116)) -> 0 | J67: =IF($A67="","",SUMIF(Szeptember!$A$31:$A$116,$A67,Szeptember!$B$31:$B$116)) -> 0 | K67: =IF($A67="","",SUMIF(Október!$A$31:$A$116,$A67,Október!$B$31:$B$116)) -> 0 | L67: =IF($A67="","",SUMIF(November!$A$31:$A$116,$A67,November!$B$31:$B$116)) -> 0 | M67: =IF($A67="","",SUMIF(December!$A$31:$A$116,$A67,December!$B$31:$B$116)) -> 0 | N67: =IF($A67="","",SUM(B67:M67)) -> 0 | O67: =IF($A67="","",N67/MAX(1,$Q$1)) -> 0 | P67: =IF(OR(N67="",$N$7=0),"",N67/$N$7)
A68: =IFERROR(INDEX(_Segéd!$G$2:$G$793,MATCH(17,_Segéd!$H$2:$H$793,0)),"") -> KGFB (kötelező biztosítás) | B68: =IF($A68="","",SUMIF(Január!$A$31:$A$116,$A68,Január!$B$31:$B$116)) -> 0 | C68: =IF($A68="","",SUMIF(Február!$A$31:$A$116,$A68,Február!$B$31:$B$116)) -> 0 | D68: =IF($A68="","",SUMIF(Március!$A$31:$A$116,$A68,Március!$B$31:$B$116)) -> 0 | E68: =IF($A68="","",SUMIF(Április!$A$31:$A$116,$A68,Április!$B$31:$B$116)) -> 0 | F68: =IF($A68="","",SUMIF(Május!$A$31:$A$116,$A68,Május!$B$31:$B$116)) -> 0 | G68: =IF($A68="","",SUMIF(Június!$A$31:$A$116,$A68,Június!$B$31:$B$116)) -> 0 | H68: =IF($A68="","",SUMIF(Július!$A$31:$A$116,$A68,Július!$B$31:$B$116)) -> 0 | I68: =IF($A68="","",SUMIF(Augusztus!$A$31:$A$116,$A68,Augusztus!$B$31:$B$116)) -> 0 | J68: =IF($A68="","",SUMIF(Szeptember!$A$31:$A$116,$A68,Szeptember!$B$31:$B$116)) -> 0 | K68: =IF($A68="","",SUMIF(Október!$A$31:$A$116,$A68,Október!$B$31:$B$116)) -> 0 | L68: =IF($A68="","",SUMIF(November!$A$31:$A$116,$A68,November!$B$31:$B$116)) -> 0 | M68: =IF($A68="","",SUMIF(December!$A$31:$A$116,$A68,December!$B$31:$B$116)) -> 0 | N68: =IF($A68="","",SUM(B68:M68)) -> 0 | O68: =IF($A68="","",N68/MAX(1,$Q$1)) -> 0 | P68: =IF(OR(N68="",$N$7=0),"",N68/$N$7)
A69: =IFERROR(INDEX(_Segéd!$G$2:$G$793,MATCH(18,_Segéd!$H$2:$H$793,0)),"") -> CASCO | B69: =IF($A69="","",SUMIF(Január!$A$31:$A$116,$A69,Január!$B$31:$B$116)) -> 0 | C69: =IF($A69="","",SUMIF(Február!$A$31:$A$116,$A69,Február!$B$31:$B$116)) -> 0 | D69: =IF($A69="","",SUMIF(Március!$A$31:$A$116,$A69,Március!$B$31:$B$116)) -> 0 | E69: =IF($A69="","",SUMIF(Április!$A$31:$A$116,$A69,Április!$B$31:$B$116)) -> 0 | F69: =IF($A69="","",SUMIF(Május!$A$31:$A$116,$A69,Május!$B$31:$B$116)) -> 0 | G69: =IF($A69="","",SUMIF(Június!$A$31:$A$116,$A69,Június!$B$31:$B$116)) -> 0 | H69: =IF($A69="","",SUMIF(Július!$A$31:$A$116,$A69,Július!$B$31:$B$116)) -> 0 | I69: =IF($A69="","",SUMIF(Augusztus!$A$31:$A$116,$A69,Augusztus!$B$31:$B$116)) -> 0 | J69: =IF($A69="","",SUMIF(Szeptember!$A$31:$A$116,$A69,Szeptember!$B$31:$B$116)) -> 0 | K69: =IF($A69="","",SUMIF(Október!$A$31:$A$116,$A69,Október!$B$31:$B$116)) -> 0 | L69: =IF($A69="","",SUMIF(November!$A$31:$A$116,$A69,November!$B$31:$B$116)) -> 0 | M69: =IF($A69="","",SUMIF(December!$A$31:$A$116,$A69,December!$B$31:$B$116)) -> 0 | N69: =IF($A69="","",SUM(B69:M69)) -> 0 | O69: =IF($A69="","",N69/MAX(1,$Q$1)) -> 0 | P69: =IF(OR(N69="",$N$7=0),"",N69/$N$7)
A70: =IFERROR(INDEX(_Segéd!$G$2:$G$793,MATCH(19,_Segéd!$H$2:$H$793,0)),"") -> Gépjárműadó | B70: =IF($A70="","",SUMIF(Január!$A$31:$A$116,$A70,Január!$B$31:$B$116)) -> 0 | C70: =IF($A70="","",SUMIF(Február!$A$31:$A$116,$A70,Február!$B$31:$B$116)) -> 0 | D70: =IF($A70="","",SUMIF(Március!$A$31:$A$116,$A70,Március!$B$31:$B$116)) -> 0 | E70: =IF($A70="","",SUMIF(Április!$A$31:$A$116,$A70,Április!$B$31:$B$116)) -> 0 | F70: =IF($A70="","",SUMIF(Május!$A$31:$A$116,$A70,Május!$B$31:$B$116)) -> 0 | G70: =IF($A70="","",SUMIF(Június!$A$31:$A$116,$A70,Június!$B$31:$B$116)) -> 0 | H70: =IF($A70="","",SUMIF(Július!$A$31:$A$116,$A70,Július!$B$31:$B$116)) -> 0 | I70: =IF($A70="","",SUMIF(Augusztus!$A$31:$A$116,$A70,Augusztus!$B$31:$B$116)) -> 0 | J70: =IF($A70="","",SUMIF(Szeptember!$A$31:$A$116,$A70,Szeptember!$B$31:$B$116)) -> 0 | K70: =IF($A70="","",SUMIF(Október!$A$31:$A$116,$A70,Október!$B$31:$B$116)) -> 0 | L70: =IF($A70="","",SUMIF(November!$A$31:$A$116,$A70,November!$B$31:$B$116)) -> 0 | M70: =IF($A70="","",SUMIF(December!$A$31:$A$116,$A70,December!$B$31:$B$116)) -> 0 | N70: =IF($A70="","",SUM(B70:M70)) -> 0 | O70: =IF($A70="","",N70/MAX(1,$Q$1)) -> 0 | P70: =IF(OR(N70="",$N$7=0),"",N70/$N$7)
A71: =IFERROR(INDEX(_Segéd!$G$2:$G$793,MATCH(20,_Segéd!$H$2:$H$793,0)),"") -> Autóhitel, lízing részlet | B71: =IF($A71="","",SUMIF(Január!$A$31:$A$116,$A71,Január!$B$31:$B$116)) -> 0 | C71: =IF($A71="","",SUMIF(Február!$A$31:$A$116,$A71,Február!$B$31:$B$116)) -> 0 | D71: =IF($A71="","",SUMIF(Március!$A$31:$A$116,$A71,Március!$B$31:$B$116)) -> 0 | E71: =IF($A71="","",SUMIF(Április!$A$31:$A$116,$A71,Április!$B$31:$B$116)) -> 0 | F71: =IF($A71="","",SUMIF(Május!$A$31:$A$116,$A71,Május!$B$31:$B$116)) -> 0 | G71: =IF($A71="","",SUMIF(Június!$A$31:$A$116,$A71,Június!$B$31:$B$116)) -> 0 | H71: =IF($A71="","",SUMIF(Július!$A$31:$A$116,$A71,Július!$B$31:$B$116)) -> 0 | I71: =IF($A71="","",SUMIF(Augusztus!$A$31:$A$116,$A71,Augusztus!$B$31:$B$116)) -> 0 | J71: =IF($A71="","",SUMIF(Szeptember!$A$31:$A$116,$A71,Szeptember!$B$31:$B$116)) -> 0 | K71: =IF($A71="","",SUMIF(Október!$A$31:$A$116,$A71,Október!$B$31:$B$116)) -> 0 | L71: =IF($A71="","",SUMIF(November!$A$31:$A$116,$A71,November!$B$31:$B$116)) -> 0 | M71: =IF($A71="","",SUMIF(December!$A$31:$A$116,$A71,December!$B$31:$B$116)) -> 0 | N71: =IF($A71="","",SUM(B71:M71)) -> 0 | O71: =IF($A71="","",N71/MAX(1,$Q$1)) -> 0 | P71: =IF(OR(N71="",$N$7=0),"",N71/$N$7)
A72: =IFERROR(INDEX(_Segéd!$G$2:$G$793,MATCH(21,_Segéd!$H$2:$H$793,0)),"") -> Autómosás, egyéb autós költség | B72: =IF($A72="","",SUMIF(Január!$A$31:$A$116,$A72,Január!$B$31:$B$116)) -> 0 | C72: =IF($A72="","",SUMIF(Február!$A$31:$A$116,$A72,Február!$B$31:$B$116)) -> 0 | D72: =IF($A72="","",SUMIF(Március!$A$31:$A$116,$A72,Március!$B$31:$B$116)) -> 0 | E72: =IF($A72="","",SUMIF(Április!$A$31:$A$116,$A72,Április!$B$31:$B$116)) -> 0 | F72: =IF($A72="","",SUMIF(Május!$A$31:$A$116,$A72,Május!$B$31:$B$116)) -> 0 | G72: =IF($A72="","",SUMIF(Június!$A$31:$A$116,$A72,Június!$B$31:$B$116)) -> 0 | H72: =IF($A72="","",SUMIF(Július!$A$31:$A$116,$A72,Július!$B$31:$B$116)) -> 0 | I72: =IF($A72="","",SUMIF(Augusztus!$A$31:$A$116,$A72,Augusztus!$B$31:$B$116)) -> 0 | J72: =IF($A72="","",SUMIF(Szeptember!$A$31:$A$116,$A72,Szeptember!$B$31:$B$116)) -> 0 | K72: =IF($A72="","",SUMIF(Október!$A$31:$A$116,$A72,Október!$B$31:$B$116)) -> 0 | L72: =IF($A72="","",SUMIF(November!$A$31:$A$116,$A72,November!$B$31:$B$116)) -> 0 | M72: =IF($A72="","",SUMIF(December!$A$31:$A$116,$A72,December!$B$31:$B$116)) -> 0 | N72: =IF($A72="","",SUM(B72:M72)) -> 0 | O72: =IF($A72="","",N72/MAX(1,$Q$1)) -> 0 | P72: =IF(OR(N72="",$N$7=0),"",N72/$N$7)
A73: =IFERROR(INDEX(_Segéd!$G$2:$G$793,MATCH(22,_Segéd!$H$2:$H$793,0)),"") -> Tömegközlekedés, bérlet | B73: =IF($A73="","",SUMIF(Január!$A$31:$A$116,$A73,Január!$B$31:$B$116)) -> 0 | C73: =IF($A73="","",SUMIF(Február!$A$31:$A$116,$A73,Február!$B$31:$B$116)) -> 0 | D73: =IF($A73="","",SUMIF(Március!$A$31:$A$116,$A73,Március!$B$31:$B$116)) -> 0 | E73: =IF($A73="","",SUMIF(Április!$A$31:$A$116,$A73,Április!$B$31:$B$116)) -> 0 | F73: =IF($A73="","",SUMIF(Május!$A$31:$A$116,$A73,Május!$B$31:$B$116)) -> 0 | G73: =IF($A73="","",SUMIF(Június!$A$31:$A$116,$A73,Június!$B$31:$B$116)) -> 0 | H73: =IF($A73="","",SUMIF(Július!$A$31:$A$116,$A73,Július!$B$31:$B$116)) -> 0 | I73: =IF($A73="","",SUMIF(Augusztus!$A$31:$A$116,$A73,Augusztus!$B$31:$B$116)) -> 0 | J73: =IF($A73="","",SUMIF(Szeptember!$A$31:$A$116,$A73,Szeptember!$B$31:$B$116)) -> 0 | K73: =IF($A73="","",SUMIF(Október!$A$31:$A$116,$A73,Október!$B$31:$B$116)) -> 0 | L73: =IF($A73="","",SUMIF(November!$A$31:$A$116,$A73,November!$B$31:$B$116)) -> 0 | M73: =IF($A73="","",SUMIF(December!$A$31:$A$116,$A73,December!$B$31:$B$116)) -> 0 | N73: =IF($A73="","",SUM(B73:M73)) -> 0 | O73: =IF($A73="","",N73/MAX(1,$Q$1)) -> 0 | P73: =IF(OR(N73="",$N$7=0),"",N73/$N$7)
A74: =IFERROR(INDEX(_Segéd!$G$2:$G$793,MATCH(23,_Segéd!$H$2:$H$793,0)),"") -> Taxi, roller, bicikli, közösségi közlekedés | B74: =IF($A74="","",SUMIF(Január!$A$31:$A$116,$A74,Január!$B$31:$B$116)) -> 0 | C74: =IF($A74="","",SUMIF(Február!$A$31:$A$116,$A74,Február!$B$31:$B$116)) -> 0 | D74: =IF($A74="","",SUMIF(Március!$A$31:$A$116,$A74,Március!$B$31:$B$116)) -> 0 | E74: =IF($A74="","",SUMIF(Április!$A$31:$A$116,$A74,Április!$B$31:$B$116)) -> 0 | F74: =IF($A74="","",SUMIF(Május!$A$31:$A$116,$A74,Május!$B$31:$B$116)) -> 0 | G74: =IF($A74="","",SUMIF(Június!$A$31:$A$116,$A74,Június!$B$31:$B$116)) -> 0 | H74: =IF($A74="","",SUMIF(Július!$A$31:$A$116,$A74,Július!$B$31:$B$116)) -> 0 | I74: =IF($A74="","",SUMIF(Augusztus!$A$31:$A$116,$A74,Augusztus!$B$31:$B$116)) -> 0 | J74: =IF($A74="","",SUMIF(Szeptember!$A$31:$A$116,$A74,Szeptember!$B$31:$B$116)) -> 0 | K74: =IF($A74="","",SUMIF(Október!$A$31:$A$116,$A74,Október!$B$31:$B$116)) -> 0 | L74: =IF($A74="","",SUMIF(November!$A$31:$A$116,$A74,November!$B$31:$B$116)) -> 0 | M74: =IF($A74="","",SUMIF(December!$A$31:$A$116,$A74,December!$B$31:$B$116)) -> 0 | N74: =IF($A74="","",SUM(B74:M74)) -> 0 | O74: =IF($A74="","",N74/MAX(1,$Q$1)) -> 0 | P74: =IF(OR(N74="",$N$7=0),"",N74/$N$7)
A75: =IFERROR(INDEX(_Segéd!$G$2:$G$793,MATCH(24,_Segéd!$H$2:$H$793,0)),"") -> Gyerek ruha, cipő | B75: =IF($A75="","",SUMIF(Január!$A$31:$A$116,$A75,Január!$B$31:$B$116)) -> 0 | C75: =IF($A75="","",SUMIF(Február!$A$31:$A$116,$A75,Február!$B$31:$B$116)) -> 0 | D75: =IF($A75="","",SUMIF(Március!$A$31:$A$116,$A75,Március!$B$31:$B$116)) -> 0 | E75: =IF($A75="","",SUMIF(Április!$A$31:$A$116,$A75,Április!$B$31:$B$116)) -> 0 | F75: =IF($A75="","",SUMIF(Május!$A$31:$A$116,$A75,Május!$B$31:$B$116)) -> 0 | G75: =IF($A75="","",SUMIF(Június!$A$31:$A$116,$A75,Június!$B$31:$B$116)) -> 0 | H75: =IF($A75="","",SUMIF(Július!$A$31:$A$116,$A75,Július!$B$31:$B$116)) -> 0 | I75: =IF($A75="","",SUMIF(Augusztus!$A$31:$A$116,$A75,Augusztus!$B$31:$B$116)) -> 0 | J75: =IF($A75="","",SUMIF(Szeptember!$A$31:$A$116,$A75,Szeptember!$B$31:$B$116)) -> 0 | K75: =IF($A75="","",SUMIF(Október!$A$31:$A$116,$A75,Október!$B$31:$B$116)) -> 0 | L75: =IF($A75="","",SUMIF(November!$A$31:$A$116,$A75,November!$B$31:$B$116)) -> 0 | M75: =IF($A75="","",SUMIF(December!$A$31:$A$116,$A75,December!$B$31:$B$116)) -> 0 | N75: =IF($A75="","",SUM(B75:M75)) -> 0 | O75: =IF($A75="","",N75/MAX(1,$Q$1)) -> 0 | P75: =IF(OR(N75="",$N$7=0),"",N75/$N$7)
A76: =IFERROR(INDEX(_Segéd!$G$2:$G$793,MATCH(25,_Segéd!$H$2:$H$793,0)),"") -> Gyerek étkeztetés (menza) | B76: =IF($A76="","",SUMIF(Január!$A$31:$A$116,$A76,Január!$B$31:$B$116)) -> 0 | C76: =IF($A76="","",SUMIF(Február!$A$31:$A$116,$A76,Február!$B$31:$B$116)) -> 0 | D76: =IF($A76="","",SUMIF(Március!$A$31:$A$116,$A76,Március!$B$31:$B$116)) -> 0 | E76: =IF($A76="","",SUMIF(Április!$A$31:$A$116,$A76,Április!$B$31:$B$116)) -> 0 | F76: =IF($A76="","",SUMIF(Május!$A$31:$A$116,$A76,Május!$B$31:$B$116)) -> 0 | G76: =IF($A76="","",SUMIF(Június!$A$31:$A$116,$A76,Június!$B$31:$B$116)) -> 0 | H76: =IF($A76="","",SUMIF(Július!$A$31:$A$116,$A76,Július!$B$31:$B$116)) -> 0 | I76: =IF($A76="","",SUMIF(Augusztus!$A$31:$A$116,$A76,Augusztus!$B$31:$B$116)) -> 0 | J76: =IF($A76="","",SUMIF(Szeptember!$A$31:$A$116,$A76,Szeptember!$B$31:$B$116)) -> 0 | K76: =IF($A76="","",SUMIF(Október!$A$31:$A$116,$A76,Október!$B$31:$B$116)) -> 0 | L76: =IF($A76="","",SUMIF(November!$A$31:$A$116,$A76,November!$B$31:$B$116)) -> 0 | M76: =IF($A76="","",SUMIF(December!$A$31:$A$116,$A76,December!$B$31:$B$116)) -> 0 | N76: =IF($A76="","",SUM(B76:M76)) -> 0 | O76: =IF($A76="","",N76/MAX(1,$Q$1)) -> 0 | P76: =IF(OR(N76="",$N$7=0),"",N76/$N$7)
A77: =IFERROR(INDEX(_Segéd!$G$2:$G$793,MATCH(26,_Segéd!$H$2:$H$793,0)),"") -> Bölcsőde, óvoda, iskola díjai | B77: =IF($A77="","",SUMIF(Január!$A$31:$A$116,$A77,Január!$B$31:$B$116)) -> 0 | C77: =IF($A77="","",SUMIF(Február!$A$31:$A$116,$A77,Február!$B$31:$B$116)) -> 0 | D77: =IF($A77="","",SUMIF(Március!$A$31:$A$116,$A77,Március!$B$31:$B$116)) -> 0 | E77: =IF($A77="","",SUMIF(Április!$A$31:$A$116,$A77,Április!$B$31:$B$116)) -> 0 | F77: =IF($A77="","",SUMIF(Május!$A$31:$A$116,$A77,Május!$B$31:$B$116)) -> 0 | G77: =IF($A77="","",SUMIF(Június!$A$31:$A$116,$A77,Június!$B$31:$B$116)) -> 0 | H77: =IF($A77="","",SUMIF(Július!$A$31:$A$116,$A77,Július!$B$31:$B$116)) -> 0 | I77: =IF($A77="","",SUMIF(Augusztus!$A$31:$A$116,$A77,Augusztus!$B$31:$B$116)) -> 0 | J77: =IF($A77="","",SUMIF(Szeptember!$A$31:$A$116,$A77,Szeptember!$B$31:$B$116)) -> 0 | K77: =IF($A77="","",SUMIF(Október!$A$31:$A$116,$A77,Október!$B$31:$B$116)) -> 0 | L77: =IF($A77="","",SUMIF(November!$A$31:$A$116,$A77,November!$B$31:$B$116)) -> 0 | M77: =IF($A77="","",SUMIF(December!$A$31:$A$116,$A77,December!$B$31:$B$116)) -> 0 | N77: =IF($A77="","",SUM(B77:M77)) -> 0 | O77: =IF($A77="","",N77/MAX(1,$Q$1)) -> 0 | P77: =IF(OR(N77="",$N$7=0),"",N77/$N$7)
A78: =IFERROR(INDEX(_Segéd!$G$2:$G$793,MATCH(27,_Segéd!$H$2:$H$793,0)),"") -> Tankönyv, tanszer | B78: =IF($A78="","",SUMIF(Január!$A$31:$A$116,$A78,Január!$B$31:$B$116)) -> 0 | C78: =IF($A78="","",SUMIF(Február!$A$31:$A$116,$A78,Február!$B$31:$B$116)) -> 0 | D78: =IF($A78="","",SUMIF(Március!$A$31:$A$116,$A78,Március!$B$31:$B$116)) -> 0 | E78: =IF($A78="","",SUMIF(Április!$A$31:$A$116,$A78,Április!$B$31:$B$116)) -> 0 | F78: =IF($A78="","",SUMIF(Május!$A$31:$A$116,$A78,Május!$B$31:$B$116)) -> 0 | G78: =IF($A78="","",SUMIF(Június!$A$31:$A$116,$A78,Június!$B$31:$B$116)) -> 0 | H78: =IF($A78="","",SUMIF(Július!$A$31:$A$116,$A78,Július!$B$31:$B$116)) -> 0 | I78: =IF($A78="","",SUMIF(Augusztus!$A$31:$A$116,$A78,Augusztus!$B$31:$B$116)) -> 0 | J78: =IF($A78="","",SUMIF(Szeptember!$A$31:$A$116,$A78,Szeptember!$B$31:$B$116)) -> 0 | K78: =IF($A78="","",SUMIF(Október!$A$31:$A$116,$A78,Október!$B$31:$B$116)) -> 0 | L78: =IF($A78="","",SUMIF(November!$A$31:$A$116,$A78,November!$B$31:$B$116)) -> 0 | M78: =IF($A78="","",SUMIF(December!$A$31:$A$116,$A78,December!$B$31:$B$116)) -> 0 | N78: =IF($A78="","",SUM(B78:M78)) -> 0 | O78: =IF($A78="","",N78/MAX(1,$Q$1)) -> 0 | P78: =IF(OR(N78="",$N$7=0),"",N78/$N$7)
A79: =IFERROR(INDEX(_Segéd!$G$2:$G$793,MATCH(28,_Segéd!$H$2:$H$793,0)),"") -> Különórák, edzések | B79: =IF($A79="","",SUMIF(Január!$A$31:$A$116,$A79,Január!$B$31:$B$116)) -> 0 | C79: =IF($A79="","",SUMIF(Február!$A$31:$A$116,$A79,Február!$B$31:$B$116)) -> 0 | D79: =IF($A79="","",SUMIF(Március!$A$31:$A$116,$A79,Március!$B$31:$B$116)) -> 0 | E79: =IF($A79="","",SUMIF(Április!$A$31:$A$116,$A79,Április!$B$31:$B$116)) -> 0 | F79: =IF($A79="","",SUMIF(Május!$A$31:$A$116,$A79,Május!$B$31:$B$116)) -> 0 | G79: =IF($A79="","",SUMIF(Június!$A$31:$A$116,$A79,Június!$B$31:$B$116)) -> 0 | H79: =IF($A79="","",SUMIF(Július!$A$31:$A$116,$A79,Július!$B$31:$B$116)) -> 0 | I79: =IF($A79="","",SUMIF(Augusztus!$A$31:$A$116,$A79,Augusztus!$B$31:$B$116)) -> 0 | J79: =IF($A79="","",SUMIF(Szeptember!$A$31:$A$116,$A79,Szeptember!$B$31:$B$116)) -> 0 | K79: =IF($A79="","",SUMIF(Október!$A$31:$A$116,$A79,Október!$B$31:$B$116)) -> 0 | L79: =IF($A79="","",SUMIF(November!$A$31:$A$116,$A79,November!$B$31:$B$116)) -> 0 | M79: =IF($A79="","",SUMIF(December!$A$31:$A$116,$A79,December!$B$31:$B$116)) -> 0 | N79: =IF($A79="","",SUM(B79:M79)) -> 0 | O79: =IF($A79="","",N79/MAX(1,$Q$1)) -> 0 | P79: =IF(OR(N79="",$N$7=0),"",N79/$N$7)
A80: =IFERROR(INDEX(_Segéd!$G$2:$G$793,MATCH(29,_Segéd!$H$2:$H$793,0)),"") -> Magánóra, korrepetálás | B80: =IF($A80="","",SUMIF(Január!$A$31:$A$116,$A80,Január!$B$31:$B$116)) -> 0 | C80: =IF($A80="","",SUMIF(Február!$A$31:$A$116,$A80,Február!$B$31:$B$116)) -> 0 | D80: =IF($A80="","",SUMIF(Március!$A$31:$A$116,$A80,Március!$B$31:$B$116)) -> 0 | E80: =IF($A80="","",SUMIF(Április!$A$31:$A$116,$A80,Április!$B$31:$B$116)) -> 0 | F80: =IF($A80="","",SUMIF(Május!$A$31:$A$116,$A80,Május!$B$31:$B$116)) -> 0 | G80: =IF($A80="","",SUMIF(Június!$A$31:$A$116,$A80,Június!$B$31:$B$116)) -> 0 | H80: =IF($A80="","",SUMIF(Július!$A$31:$A$116,$A80,Július!$B$31:$B$116)) -> 0 | I80: =IF($A80="","",SUMIF(Augusztus!$A$31:$A$116,$A80,Augusztus!$B$31:$B$116)) -> 0 | J80: =IF($A80="","",SUMIF(Szeptember!$A$31:$A$116,$A80,Szeptember!$B$31:$B$116)) -> 0 | K80: =IF($A80="","",SUMIF(Október!$A$31:$A$116,$A80,Október!$B$31:$B$116)) -> 0 | L80: =IF($A80="","",SUMIF(November!$A$31:$A$116,$A80,November!$B$31:$B$116)) -> 0 | M80: =IF($A80="","",SUMIF(December!$A$31:$A$116,$A80,December!$B$31:$B$116)) -> 0 | N80: =IF($A80="","",SUM(B80:M80)) -> 0 | O80: =IF($A80="","",N80/MAX(1,$Q$1)) -> 0 | P80: =IF(OR(N80="",$N$7=0),"",N80/$N$7)
A81: =IFERROR(INDEX(_Segéd!$G$2:$G$793,MATCH(30,_Segéd!$H$2:$H$793,0)),"") -> Zsebpénz | B81: =IF($A81="","",SUMIF(Január!$A$31:$A$116,$A81,Január!$B$31:$B$116)) -> 0 | C81: =IF($A81="","",SUMIF(Február!$A$31:$A$116,$A81,Február!$B$31:$B$116)) -> 0 | D81: =IF($A81="","",SUMIF(Március!$A$31:$A$116,$A81,Március!$B$31:$B$116)) -> 0 | E81: =IF($A81="","",SUMIF(Április!$A$31:$A$116,$A81,Április!$B$31:$B$116)) -> 0 | F81: =IF($A81="","",SUMIF(Május!$A$31:$A$116,$A81,Május!$B$31:$B$116)) -> 0 | G81: =IF($A81="","",SUMIF(Június!$A$31:$A$116,$A81,Június!$B$31:$B$116)) -> 0 | H81: =IF($A81="","",SUMIF(Július!$A$31:$A$116,$A81,Július!$B$31:$B$116)) -> 0 | I81: =IF($A81="","",SUMIF(Augusztus!$A$31:$A$116,$A81,Augusztus!$B$31:$B$116)) -> 0 | J81: =IF($A81="","",SUMIF(Szeptember!$A$31:$A$116,$A81,Szeptember!$B$31:$B$116)) -> 0 | K81: =IF($A81="","",SUMIF(Október!$A$31:$A$116,$A81,Október!$B$31:$B$116)) -> 0 | L81: =IF($A81="","",SUMIF(November!$A$31:$A$116,$A81,November!$B$31:$B$116)) -> 0 | M81: =IF($A81="","",SUMIF(December!$A$31:$A$116,$A81,December!$B$31:$B$116)) -> 0 | N81: =IF($A81="","",SUM(B81:M81)) -> 0 | O81: =IF($A81="","",N81/MAX(1,$Q$1)) -> 0 | P81: =IF(OR(N81="",$N$7=0),"",N81/$N$7)
A82: =IFERROR(INDEX(_Segéd!$G$2:$G$793,MATCH(31,_Segéd!$H$2:$H$793,0)),"") -> Játékok, szórakozás | B82: =IF($A82="","",SUMIF(Január!$A$31:$A$116,$A82,Január!$B$31:$B$116)) -> 0 | C82: =IF($A82="","",SUMIF(Február!$A$31:$A$116,$A82,Február!$B$31:$B$116)) -> 0 | D82: =IF($A82="","",SUMIF(Március!$A$31:$A$116,$A82,Március!$B$31:$B$116)) -> 0 | E82: =IF($A82="","",SUMIF(Április!$A$31:$A$116,$A82,Április!$B$31:$B$116)) -> 0 | F82: =IF($A82="","",SUMIF(Május!$A$31:$A$116,$A82,Május!$B$31:$B$116)) -> 0 | G82: =IF($A82="","",SUMIF(Június!$A$31:$A$116,$A82,Június!$B$31:$B$116)) -> 0 | H82: =IF($A82="","",SUMIF(Július!$A$31:$A$116,$A82,Július!$B$31:$B$116)) -> 0 | I82: =IF($A82="","",SUMIF(Augusztus!$A$31:$A$116,$A82,Augusztus!$B$31:$B$116)) -> 0 | J82: =IF($A82="","",SUMIF(Szeptember!$A$31:$A$116,$A82,Szeptember!$B$31:$B$116)) -> 0 | K82: =IF($A82="","",SUMIF(Október!$A$31:$A$116,$A82,Október!$B$31:$B$116)) -> 0 | L82: =IF($A82="","",SUMIF(November!$A$31:$A$116,$A82,November!$B$31:$B$116)) -> 0 | M82: =IF($A82="","",SUMIF(December!$A$31:$A$116,$A82,December!$B$31:$B$116)) -> 0 | N82: =IF($A82="","",SUM(B82:M82)) -> 0 | O82: =IF($A82="","",N82/MAX(1,$Q$1)) -> 0 | P82: =IF(OR(N82="",$N$7=0),"",N82/$N$7)
A83: =IFERROR(INDEX(_Segéd!$G$2:$G$793,MATCH(32,_Segéd!$H$2:$H$793,0)),"") -> Ruha | B83: =IF($A83="","",SUMIF(Január!$A$31:$A$116,$A83,Január!$B$31:$B$116)) -> 0 | C83: =IF($A83="","",SUMIF(Február!$A$31:$A$116,$A83,Február!$B$31:$B$116)) -> 0 | D83: =IF($A83="","",SUMIF(Március!$A$31:$A$116,$A83,Március!$B$31:$B$116)) -> 0 | E83: =IF($A83="","",SUMIF(Április!$A$31:$A$116,$A83,Április!$B$31:$B$116)) -> 0 | F83: =IF($A83="","",SUMIF(Május!$A$31:$A$116,$A83,Május!$B$31:$B$116)) -> 0 | G83: =IF($A83="","",SUMIF(Június!$A$31:$A$116,$A83,Június!$B$31:$B$116)) -> 0 | H83: =IF($A83="","",SUMIF(Július!$A$31:$A$116,$A83,Július!$B$31:$B$116)) -> 0 | I83: =IF($A83="","",SUMIF(Augusztus!$A$31:$A$116,$A83,Augusztus!$B$31:$B$116)) -> 0 | J83: =IF($A83="","",SUMIF(Szeptember!$A$31:$A$116,$A83,Szeptember!$B$31:$B$116)) -> 0 | K83: =IF($A83="","",SUMIF(Október!$A$31:$A$116,$A83,Október!$B$31:$B$116)) -> 0 | L83: =IF($A83="","",SUMIF(November!$A$31:$A$116,$A83,November!$B$31:$B$116)) -> 0 | M83: =IF($A83="","",SUMIF(December!$A$31:$A$116,$A83,December!$B$31:$B$116)) -> 0 | N83: =IF($A83="","",SUM(B83:M83)) -> 0 | O83: =IF($A83="","",N83/MAX(1,$Q$1)) -> 0 | P83: =IF(OR(N83="",$N$7=0),"",N83/$N$7)
A84: =IFERROR(INDEX(_Segéd!$G$2:$G$793,MATCH(33,_Segéd!$H$2:$H$793,0)),"") -> Cipő | B84: =IF($A84="","",SUMIF(Január!$A$31:$A$116,$A84,Január!$B$31:$B$116)) -> 0 | C84: =IF($A84="","",SUMIF(Február!$A$31:$A$116,$A84,Február!$B$31:$B$116)) -> 0 | D84: =IF($A84="","",SUMIF(Március!$A$31:$A$116,$A84,Március!$B$31:$B$116)) -> 0 | E84: =IF($A84="","",SUMIF(Április!$A$31:$A$116,$A84,Április!$B$31:$B$116)) -> 0 | F84: =IF($A84="","",SUMIF(Május!$A$31:$A$116,$A84,Május!$B$31:$B$116)) -> 0 | G84: =IF($A84="","",SUMIF(Június!$A$31:$A$116,$A84,Június!$B$31:$B$116)) -> 0 | H84: =IF($A84="","",SUMIF(Július!$A$31:$A$116,$A84,Július!$B$31:$B$116)) -> 0 | I84: =IF($A84="","",SUMIF(Augusztus!$A$31:$A$116,$A84,Augusztus!$B$31:$B$116)) -> 0 | J84: =IF($A84="","",SUMIF(Szeptember!$A$31:$A$116,$A84,Szeptember!$B$31:$B$116)) -> 0 | K84: =IF($A84="","",SUMIF(Október!$A$31:$A$116,$A84,Október!$B$31:$B$116)) -> 0 | L84: =IF($A84="","",SUMIF(November!$A$31:$A$116,$A84,November!$B$31:$B$116)) -> 0 | M84: =IF($A84="","",SUMIF(December!$A$31:$A$116,$A84,December!$B$31:$B$116)) -> 0 | N84: =IF($A84="","",SUM(B84:M84)) -> 0 | O84: =IF($A84="","",N84/MAX(1,$Q$1)) -> 0 | P84: =IF(OR(N84="",$N$7=0),"",N84/$N$7)
A85: =IFERROR(INDEX(_Segéd!$G$2:$G$793,MATCH(34,_Segéd!$H$2:$H$793,0)),"") -> Kiegészítők (táska, ékszer, óra) | B85: =IF($A85="","",SUMIF(Január!$A$31:$A$116,$A85,Január!$B$31:$B$116)) -> 0 | C85: =IF($A85="","",SUMIF(Február!$A$31:$A$116,$A85,Február!$B$31:$B$116)) -> 0 | D85: =IF($A85="","",SUMIF(Március!$A$31:$A$116,$A85,Március!$B$31:$B$116)) -> 0 | E85: =IF($A85="","",SUMIF(Április!$A$31:$A$116,$A85,Április!$B$31:$B$116)) -> 0 | F85: =IF($A85="","",SUMIF(Május!$A$31:$A$116,$A85,Május!$B$31:$B$116)) -> 0 | G85: =IF($A85="","",SUMIF(Június!$A$31:$A$116,$A85,Június!$B$31:$B$116)) -> 0 | H85: =IF($A85="","",SUMIF(Július!$A$31:$A$116,$A85,Július!$B$31:$B$116)) -> 0 | I85: =IF($A85="","",SUMIF(Augusztus!$A$31:$A$116,$A85,Augusztus!$B$31:$B$116)) -> 0 | J85: =IF($A85="","",SUMIF(Szeptember!$A$31:$A$116,$A85,Szeptember!$B$31:$B$116)) -> 0 | K85: =IF($A85="","",SUMIF(Október!$A$31:$A$116,$A85,Október!$B$31:$B$116)) -> 0 | L85: =IF($A85="","",SUMIF(November!$A$31:$A$116,$A85,November!$B$31:$B$116)) -> 0 | M85: =IF($A85="","",SUMIF(December!$A$31:$A$116,$A85,December!$B$31:$B$116)) -> 0 | N85: =IF($A85="","",SUM(B85:M85)) -> 0 | O85: =IF($A85="","",N85/MAX(1,$Q$1)) -> 0 | P85: =IF(OR(N85="",$N$7=0),"",N85/$N$7)
A86: =IFERROR(INDEX(_Segéd!$G$2:$G$793,MATCH(35,_Segéd!$H$2:$H$793,0)),"") -> Fodrász, borbély | B86: =IF($A86="","",SUMIF(Január!$A$31:$A$116,$A86,Január!$B$31:$B$116)) -> 0 | C86: =IF($A86="","",SUMIF(Február!$A$31:$A$116,$A86,Február!$B$31:$B$116)) -> 0 | D86: =IF($A86="","",SUMIF(Március!$A$31:$A$116,$A86,Március!$B$31:$B$116)) -> 0 | E86: =IF($A86="","",SUMIF(Április!$A$31:$A$116,$A86,Április!$B$31:$B$116)) -> 0 | F86: =IF($A86="","",SUMIF(Május!$A$31:$A$116,$A86,Május!$B$31:$B$116)) -> 0 | G86: =IF($A86="","",SUMIF(Június!$A$31:$A$116,$A86,Június!$B$31:$B$116)) -> 0 | H86: =IF($A86="","",SUMIF(Július!$A$31:$A$116,$A86,Július!$B$31:$B$116)) -> 0 | I86: =IF($A86="","",SUMIF(Augusztus!$A$31:$A$116,$A86,Augusztus!$B$31:$B$116)) -> 0 | J86: =IF($A86="","",SUMIF(Szeptember!$A$31:$A$116,$A86,Szeptember!$B$31:$B$116)) -> 0 | K86: =IF($A86="","",SUMIF(Október!$A$31:$A$116,$A86,Október!$B$31:$B$116)) -> 0 | L86: =IF($A86="","",SUMIF(November!$A$31:$A$116,$A86,November!$B$31:$B$116)) -> 0 | M86: =IF($A86="","",SUMIF(December!$A$31:$A$116,$A86,December!$B$31:$B$116)) -> 0 | N86: =IF($A86="","",SUM(B86:M86)) -> 0 | O86: =IF($A86="","",N86/MAX(1,$Q$1)) -> 0 | P86: =IF(OR(N86="",$N$7=0),"",N86/$N$7)
A87: =IFERROR(INDEX(_Segéd!$G$2:$G$793,MATCH(36,_Segéd!$H$2:$H$793,0)),"") -> Kozmetikus, manikűr, pedikűr | B87: =IF($A87="","",SUMIF(Január!$A$31:$A$116,$A87,Január!$B$31:$B$116)) -> 0 | C87: =IF($A87="","",SUMIF(Február!$A$31:$A$116,$A87,Február!$B$31:$B$116)) -> 0 | D87: =IF($A87="","",SUMIF(Március!$A$31:$A$116,$A87,Március!$B$31:$B$116)) -> 0 | E87: =IF($A87="","",SUMIF(Április!$A$31:$A$116,$A87,Április!$B$31:$B$116)) -> 0 | F87: =IF($A87="","",SUMIF(Május!$A$31:$A$116,$A87,Május!$B$31:$B$116)) -> 0 | G87: =IF($A87="","",SUMIF(Június!$A$31:$A$116,$A87,Június!$B$31:$B$116)) -> 0 | H87: =IF($A87="","",SUMIF(Július!$A$31:$A$116,$A87,Július!$B$31:$B$116)) -> 0 | I87: =IF($A87="","",SUMIF(Augusztus!$A$31:$A$116,$A87,Augusztus!$B$31:$B$116)) -> 0 | J87: =IF($A87="","",SUMIF(Szeptember!$A$31:$A$116,$A87,Szeptember!$B$31:$B$116)) -> 0 | K87: =IF($A87="","",SUMIF(Október!$A$31:$A$116,$A87,Október!$B$31:$B$116)) -> 0 | L87: =IF($A87="","",SUMIF(November!$A$31:$A$116,$A87,November!$B$31:$B$116)) -> 0 | M87: =IF($A87="","",SUMIF(December!$A$31:$A$116,$A87,December!$B$31:$B$116)) -> 0 | N87: =IF($A87="","",SUM(B87:M87)) -> 0 | O87: =IF($A87="","",N87/MAX(1,$Q$1)) -> 0 | P87: =IF(OR(N87="",$N$7=0),"",N87/$N$7)
A88: =IFERROR(INDEX(_Segéd!$G$2:$G$793,MATCH(37,_Segéd!$H$2:$H$793,0)),"") -> Kozmetikumok, parfüm | B88: =IF($A88="","",SUMIF(Január!$A$31:$A$116,$A88,Január!$B$31:$B$116)) -> 0 | C88: =IF($A88="","",SUMIF(Február!$A$31:$A$116,$A88,Február!$B$31:$B$116)) -> 0 | D88: =IF($A88="","",SUMIF(Március!$A$31:$A$116,$A88,Március!$B$31:$B$116)) -> 0 | E88: =IF($A88="","",SUMIF(Április!$A$31:$A$116,$A88,Április!$B$31:$B$116)) -> 0 | F88: =IF($A88="","",SUMIF(Május!$A$31:$A$116,$A88,Május!$B$31:$B$116)) -> 0 | G88: =IF($A88="","",SUMIF(Június!$A$31:$A$116,$A88,Június!$B$31:$B$116)) -> 0 | H88: =IF($A88="","",SUMIF(Július!$A$31:$A$116,$A88,Július!$B$31:$B$116)) -> 0 | I88: =IF($A88="","",SUMIF(Augusztus!$A$31:$A$116,$A88,Augusztus!$B$31:$B$116)) -> 0 | J88: =IF($A88="","",SUMIF(Szeptember!$A$31:$A$116,$A88,Szeptember!$B$31:$B$116)) -> 0 | K88: =IF($A88="","",SUMIF(Október!$A$31:$A$116,$A88,Október!$B$31:$B$116)) -> 0 | L88: =IF($A88="","",SUMIF(November!$A$31:$A$116,$A88,November!$B$31:$B$116)) -> 0 | M88: =IF($A88="","",SUMIF(December!$A$31:$A$116,$A88,December!$B$31:$B$116)) -> 0 | N88: =IF($A88="","",SUM(B88:M88)) -> 0 | O88: =IF($A88="","",N88/MAX(1,$Q$1)) -> 0 | P88: =IF(OR(N88="",$N$7=0),"",N88/$N$7)
A89: =IFERROR(INDEX(_Segéd!$G$2:$G$793,MATCH(38,_Segéd!$H$2:$H$793,0)),"") -> Edzés, sport, bérlet | B89: =IF($A89="","",SUMIF(Január!$A$31:$A$116,$A89,Január!$B$31:$B$116)) -> 0 | C89: =IF($A89="","",SUMIF(Február!$A$31:$A$116,$A89,Február!$B$31:$B$116)) -> 0 | D89: =IF($A89="","",SUMIF(Március!$A$31:$A$116,$A89,Március!$B$31:$B$116)) -> 0 | E89: =IF($A89="","",SUMIF(Április!$A$31:$A$116,$A89,Április!$B$31:$B$116)) -> 0 | F89: =IF($A89="","",SUMIF(Május!$A$31:$A$116,$A89,Május!$B$31:$B$116)) -> 0 | G89: =IF($A89="","",SUMIF(Június!$A$31:$A$116,$A89,Június!$B$31:$B$116)) -> 0 | H89: =IF($A89="","",SUMIF(Július!$A$31:$A$116,$A89,Július!$B$31:$B$116)) -> 0 | I89: =IF($A89="","",SUMIF(Augusztus!$A$31:$A$116,$A89,Augusztus!$B$31:$B$116)) -> 0 | J89: =IF($A89="","",SUMIF(Szeptember!$A$31:$A$116,$A89,Szeptember!$B$31:$B$116)) -> 0 | K89: =IF($A89="","",SUMIF(Október!$A$31:$A$116,$A89,Október!$B$31:$B$116)) -> 0 | L89: =IF($A89="","",SUMIF(November!$A$31:$A$116,$A89,November!$B$31:$B$116)) -> 0 | M89: =IF($A89="","",SUMIF(December!$A$31:$A$116,$A89,December!$B$31:$B$116)) -> 0 | N89: =IF($A89="","",SUM(B89:M89)) -> 0 | O89: =IF($A89="","",N89/MAX(1,$Q$1)) -> 0 | P89: =IF(OR(N89="",$N$7=0),"",N89/$N$7)
A90: =IFERROR(INDEX(_Segéd!$G$2:$G$793,MATCH(39,_Segéd!$H$2:$H$793,0)),"") -> Gyógyszer, vitamin | B90: =IF($A90="","",SUMIF(Január!$A$31:$A$116,$A90,Január!$B$31:$B$116)) -> 0 | C90: =IF($A90="","",SUMIF(Február!$A$31:$A$116,$A90,Február!$B$31:$B$116)) -> 0 | D90: =IF($A90="","",SUMIF(Március!$A$31:$A$116,$A90,Március!$B$31:$B$116)) -> 0 | E90: =IF($A90="","",SUMIF(Április!$A$31:$A$116,$A90,Április!$B$31:$B$116)) -> 0 | F90: =IF($A90="","",SUMIF(Május!$A$31:$A$116,$A90,Május!$B$31:$B$116)) -> 0 | G90: =IF($A90="","",SUMIF(Június!$A$31:$A$116,$A90,Június!$B$31:$B$116)) -> 0 | H90: =IF($A90="","",SUMIF(Július!$A$31:$A$116,$A90,Július!$B$31:$B$116)) -> 0 | I90: =IF($A90="","",SUMIF(Augusztus!$A$31:$A$116,$A90,Augusztus!$B$31:$B$116)) -> 0 | J90: =IF($A90="","",SUMIF(Szeptember!$A$31:$A$116,$A90,Szeptember!$B$31:$B$116)) -> 0 | K90: =IF($A90="","",SUMIF(Október!$A$31:$A$116,$A90,Október!$B$31:$B$116)) -> 0 | L90: =IF($A90="","",SUMIF(November!$A$31:$A$116,$A90,November!$B$31:$B$116)) -> 0 | M90: =IF($A90="","",SUMIF(December!$A$31:$A$116,$A90,December!$B$31:$B$116)) -> 0 | N90: =IF($A90="","",SUM(B90:M90)) -> 0 | O90: =IF($A90="","",N90/MAX(1,$Q$1)) -> 0 | P90: =IF(OR(N90="",$N$7=0),"",N90/$N$7)
A91: =IFERROR(INDEX(_Segéd!$G$2:$G$793,MATCH(40,_Segéd!$H$2:$H$793,0)),"") -> Orvos, fogorvos, magánrendelés | B91: =IF($A91="","",SUMIF(Január!$A$31:$A$116,$A91,Január!$B$31:$B$116)) -> 0 | C91: =IF($A91="","",SUMIF(Február!$A$31:$A$116,$A91,Február!$B$31:$B$116)) -> 0 | D91: =IF($A91="","",SUMIF(Március!$A$31:$A$116,$A91,Március!$B$31:$B$116)) -> 0 | E91: =IF($A91="","",SUMIF(Április!$A$31:$A$116,$A91,Április!$B$31:$B$116)) -> 0 | F91: =IF($A91="","",SUMIF(Május!$A$31:$A$116,$A91,Május!$B$31:$B$116)) -> 0 | G91: =IF($A91="","",SUMIF(Június!$A$31:$A$116,$A91,Június!$B$31:$B$116)) -> 0 | H91: =IF($A91="","",SUMIF(Július!$A$31:$A$116,$A91,Július!$B$31:$B$116)) -> 0 | I91: =IF($A91="","",SUMIF(Augusztus!$A$31:$A$116,$A91,Augusztus!$B$31:$B$116)) -> 0 | J91: =IF($A91="","",SUMIF(Szeptember!$A$31:$A$116,$A91,Szeptember!$B$31:$B$116)) -> 0 | K91: =IF($A91="","",SUMIF(Október!$A$31:$A$116,$A91,Október!$B$31:$B$116)) -> 0 | L91: =IF($A91="","",SUMIF(November!$A$31:$A$116,$A91,November!$B$31:$B$116)) -> 0 | M91: =IF($A91="","",SUMIF(December!$A$31:$A$116,$A91,December!$B$31:$B$116)) -> 0 | N91: =IF($A91="","",SUM(B91:M91)) -> 0 | O91: =IF($A91="","",N91/MAX(1,$Q$1)) -> 0 | P91: =IF(OR(N91="",$N$7=0),"",N91/$N$7)
A92: =IFERROR(INDEX(_Segéd!$G$2:$G$793,MATCH(41,_Segéd!$H$2:$H$793,0)),"") -> Cigaretta, dohány | B92: =IF($A92="","",SUMIF(Január!$A$31:$A$116,$A92,Január!$B$31:$B$116)) -> 0 | C92: =IF($A92="","",SUMIF(Február!$A$31:$A$116,$A92,Február!$B$31:$B$116)) -> 0 | D92: =IF($A92="","",SUMIF(Március!$A$31:$A$116,$A92,Március!$B$31:$B$116)) -> 0 | E92: =IF($A92="","",SUMIF(Április!$A$31:$A$116,$A92,Április!$B$31:$B$116)) -> 0 | F92: =IF($A92="","",SUMIF(Május!$A$31:$A$116,$A92,Május!$B$31:$B$116)) -> 0 | G92: =IF($A92="","",SUMIF(Június!$A$31:$A$116,$A92,Június!$B$31:$B$116)) -> 0 | H92: =IF($A92="","",SUMIF(Július!$A$31:$A$116,$A92,Július!$B$31:$B$116)) -> 0 | I92: =IF($A92="","",SUMIF(Augusztus!$A$31:$A$116,$A92,Augusztus!$B$31:$B$116)) -> 0 | J92: =IF($A92="","",SUMIF(Szeptember!$A$31:$A$116,$A92,Szeptember!$B$31:$B$116)) -> 0 | K92: =IF($A92="","",SUMIF(Október!$A$31:$A$116,$A92,Október!$B$31:$B$116)) -> 0 | L92: =IF($A92="","",SUMIF(November!$A$31:$A$116,$A92,November!$B$31:$B$116)) -> 0 | M92: =IF($A92="","",SUMIF(December!$A$31:$A$116,$A92,December!$B$31:$B$116)) -> 0 | N92: =IF($A92="","",SUM(B92:M92)) -> 0 | O92: =IF($A92="","",N92/MAX(1,$Q$1)) -> 0 | P92: =IF(OR(N92="",$N$7=0),"",N92/$N$7)
A93: =IFERROR(INDEX(_Segéd!$G$2:$G$793,MATCH(42,_Segéd!$H$2:$H$793,0)),"") -> E-cigaretta, hevített dohánytermék | B93: =IF($A93="","",SUMIF(Január!$A$31:$A$116,$A93,Január!$B$31:$B$116)) -> 0 | C93: =IF($A93="","",SUMIF(Február!$A$31:$A$116,$A93,Február!$B$31:$B$116)) -> 0 | D93: =IF($A93="","",SUMIF(Március!$A$31:$A$116,$A93,Március!$B$31:$B$116)) -> 0 | E93: =IF($A93="","",SUMIF(Április!$A$31:$A$116,$A93,Április!$B$31:$B$116)) -> 0 | F93: =IF($A93="","",SUMIF(Május!$A$31:$A$116,$A93,Május!$B$31:$B$116)) -> 0 | G93: =IF($A93="","",SUMIF(Június!$A$31:$A$116,$A93,Június!$B$31:$B$116)) -> 0 | H93: =IF($A93="","",SUMIF(Július!$A$31:$A$116,$A93,Július!$B$31:$B$116)) -> 0 | I93: =IF($A93="","",SUMIF(Augusztus!$A$31:$A$116,$A93,Augusztus!$B$31:$B$116)) -> 0 | J93: =IF($A93="","",SUMIF(Szeptember!$A$31:$A$116,$A93,Szeptember!$B$31:$B$116)) -> 0 | K93: =IF($A93="","",SUMIF(Október!$A$31:$A$116,$A93,Október!$B$31:$B$116)) -> 0 | L93: =IF($A93="","",SUMIF(November!$A$31:$A$116,$A93,November!$B$31:$B$116)) -> 0 | M93: =IF($A93="","",SUMIF(December!$A$31:$A$116,$A93,December!$B$31:$B$116)) -> 0 | N93: =IF($A93="","",SUM(B93:M93)) -> 0 | O93: =IF($A93="","",N93/MAX(1,$Q$1)) -> 0 | P93: =IF(OR(N93="",$N$7=0),"",N93/$N$7)
A94: =IFERROR(INDEX(_Segéd!$G$2:$G$793,MATCH(43,_Segéd!$H$2:$H$793,0)),"") -> Állateledel, jutalomfalat | B94: =IF($A94="","",SUMIF(Január!$A$31:$A$116,$A94,Január!$B$31:$B$116)) -> 0 | C94: =IF($A94="","",SUMIF(Február!$A$31:$A$116,$A94,Február!$B$31:$B$116)) -> 0 | D94: =IF($A94="","",SUMIF(Március!$A$31:$A$116,$A94,Március!$B$31:$B$116)) -> 0 | E94: =IF($A94="","",SUMIF(Április!$A$31:$A$116,$A94,Április!$B$31:$B$116)) -> 0 | F94: =IF($A94="","",SUMIF(Május!$A$31:$A$116,$A94,Május!$B$31:$B$116)) -> 0 | G94: =IF($A94="","",SUMIF(Június!$A$31:$A$116,$A94,Június!$B$31:$B$116)) -> 0 | H94: =IF($A94="","",SUMIF(Július!$A$31:$A$116,$A94,Július!$B$31:$B$116)) -> 0 | I94: =IF($A94="","",SUMIF(Augusztus!$A$31:$A$116,$A94,Augusztus!$B$31:$B$116)) -> 0 | J94: =IF($A94="","",SUMIF(Szeptember!$A$31:$A$116,$A94,Szeptember!$B$31:$B$116)) -> 0 | K94: =IF($A94="","",SUMIF(Október!$A$31:$A$116,$A94,Október!$B$31:$B$116)) -> 0 | L94: =IF($A94="","",SUMIF(November!$A$31:$A$116,$A94,November!$B$31:$B$116)) -> 0 | M94: =IF($A94="","",SUMIF(December!$A$31:$A$116,$A94,December!$B$31:$B$116)) -> 0 | N94: =IF($A94="","",SUM(B94:M94)) -> 0 | O94: =IF($A94="","",N94/MAX(1,$Q$1)) -> 0 | P94: =IF(OR(N94="",$N$7=0),"",N94/$N$7)
A95: =IFERROR(INDEX(_Segéd!$G$2:$G$793,MATCH(44,_Segéd!$H$2:$H$793,0)),"") -> Állatorvos, oltások, gyógyszer | B95: =IF($A95="","",SUMIF(Január!$A$31:$A$116,$A95,Január!$B$31:$B$116)) -> 0 | C95: =IF($A95="","",SUMIF(Február!$A$31:$A$116,$A95,Február!$B$31:$B$116)) -> 0 | D95: =IF($A95="","",SUMIF(Március!$A$31:$A$116,$A95,Március!$B$31:$B$116)) -> 0 | E95: =IF($A95="","",SUMIF(Április!$A$31:$A$116,$A95,Április!$B$31:$B$116)) -> 0 | F95: =IF($A95="","",SUMIF(Május!$A$31:$A$116,$A95,Május!$B$31:$B$116)) -> 0 | G95: =IF($A95="","",SUMIF(Június!$A$31:$A$116,$A95,Június!$B$31:$B$116)) -> 0 | H95: =IF($A95="","",SUMIF(Július!$A$31:$A$116,$A95,Július!$B$31:$B$116)) -> 0 | I95: =IF($A95="","",SUMIF(Augusztus!$A$31:$A$116,$A95,Augusztus!$B$31:$B$116)) -> 0 | J95: =IF($A95="","",SUMIF(Szeptember!$A$31:$A$116,$A95,Szeptember!$B$31:$B$116)) -> 0 | K95: =IF($A95="","",SUMIF(Október!$A$31:$A$116,$A95,Október!$B$31:$B$116)) -> 0 | L95: =IF($A95="","",SUMIF(November!$A$31:$A$116,$A95,November!$B$31:$B$116)) -> 0 | M95: =IF($A95="","",SUMIF(December!$A$31:$A$116,$A95,December!$B$31:$B$116)) -> 0 | N95: =IF($A95="","",SUM(B95:M95)) -> 0 | O95: =IF($A95="","",N95/MAX(1,$Q$1)) -> 0 | P95: =IF(OR(N95="",$N$7=0),"",N95/$N$7)
A96: =IFERROR(INDEX(_Segéd!$G$2:$G$793,MATCH(45,_Segéd!$H$2:$H$793,0)),"") -> Felszerelés, alom, játékok | B96: =IF($A96="","",SUMIF(Január!$A$31:$A$116,$A96,Január!$B$31:$B$116)) -> 0 | C96: =IF($A96="","",SUMIF(Február!$A$31:$A$116,$A96,Február!$B$31:$B$116)) -> 0 | D96: =IF($A96="","",SUMIF(Március!$A$31:$A$116,$A96,Március!$B$31:$B$116)) -> 0 | E96: =IF($A96="","",SUMIF(Április!$A$31:$A$116,$A96,Április!$B$31:$B$116)) -> 0 | F96: =IF($A96="","",SUMIF(Május!$A$31:$A$116,$A96,Május!$B$31:$B$116)) -> 0 | G96: =IF($A96="","",SUMIF(Június!$A$31:$A$116,$A96,Június!$B$31:$B$116)) -> 0 | H96: =IF($A96="","",SUMIF(Július!$A$31:$A$116,$A96,Július!$B$31:$B$116)) -> 0 | I96: =IF($A96="","",SUMIF(Augusztus!$A$31:$A$116,$A96,Augusztus!$B$31:$B$116)) -> 0 | J96: =IF($A96="","",SUMIF(Szeptember!$A$31:$A$116,$A96,Szeptember!$B$31:$B$116)) -> 0 | K96: =IF($A96="","",SUMIF(Október!$A$31:$A$116,$A96,Október!$B$31:$B$116)) -> 0 | L96: =IF($A96="","",SUMIF(November!$A$31:$A$116,$A96,November!$B$31:$B$116)) -> 0 | M96: =IF($A96="","",SUMIF(December!$A$31:$A$116,$A96,December!$B$31:$B$116)) -> 0 | N96: =IF($A96="","",SUM(B96:M96)) -> 0 | O96: =IF($A96="","",N96/MAX(1,$Q$1)) -> 0 | P96: =IF(OR(N96="",$N$7=0),"",N96/$N$7)
A97: =IFERROR(INDEX(_Segéd!$G$2:$G$793,MATCH(46,_Segéd!$H$2:$H$793,0)),"") -> Kisállat-kozmetika, panzió, kutyaiskola | B97: =IF($A97="","",SUMIF(Január!$A$31:$A$116,$A97,Január!$B$31:$B$116)) -> 0 | C97: =IF($A97="","",SUMIF(Február!$A$31:$A$116,$A97,Február!$B$31:$B$116)) -> 0 | D97: =IF($A97="","",SUMIF(Március!$A$31:$A$116,$A97,Március!$B$31:$B$116)) -> 0 | E97: =IF($A97="","",SUMIF(Április!$A$31:$A$116,$A97,Április!$B$31:$B$116)) -> 0 | F97: =IF($A97="","",SUMIF(Május!$A$31:$A$116,$A97,Május!$B$31:$B$116)) -> 0 | G97: =IF($A97="","",SUMIF(Június!$A$31:$A$116,$A97,Június!$B$31:$B$116)) -> 0 | H97: =IF($A97="","",SUMIF(Július!$A$31:$A$116,$A97,Július!$B$31:$B$116)) -> 0 | I97: =IF($A97="","",SUMIF(Augusztus!$A$31:$A$116,$A97,Augusztus!$B$31:$B$116)) -> 0 | J97: =IF($A97="","",SUMIF(Szeptember!$A$31:$A$116,$A97,Szeptember!$B$31:$B$116)) -> 0 | K97: =IF($A97="","",SUMIF(Október!$A$31:$A$116,$A97,Október!$B$31:$B$116)) -> 0 | L97: =IF($A97="","",SUMIF(November!$A$31:$A$116,$A97,November!$B$31:$B$116)) -> 0 | M97: =IF($A97="","",SUMIF(December!$A$31:$A$116,$A97,December!$B$31:$B$116)) -> 0 | N97: =IF($A97="","",SUM(B97:M97)) -> 0 | O97: =IF($A97="","",N97/MAX(1,$Q$1)) -> 0 | P97: =IF(OR(N97="",$N$7=0),"",N97/$N$7)
A98: =IFERROR(INDEX(_Segéd!$G$2:$G$793,MATCH(47,_Segéd!$H$2:$H$793,0)),"") -> Hobbi | B98: =IF($A98="","",SUMIF(Január!$A$31:$A$116,$A98,Január!$B$31:$B$116)) -> 0 | C98: =IF($A98="","",SUMIF(Február!$A$31:$A$116,$A98,Február!$B$31:$B$116)) -> 0 | D98: =IF($A98="","",SUMIF(Március!$A$31:$A$116,$A98,Március!$B$31:$B$116)) -> 0 | E98: =IF($A98="","",SUMIF(Április!$A$31:$A$116,$A98,Április!$B$31:$B$116)) -> 0 | F98: =IF($A98="","",SUMIF(Május!$A$31:$A$116,$A98,Május!$B$31:$B$116)) -> 0 | G98: =IF($A98="","",SUMIF(Június!$A$31:$A$116,$A98,Június!$B$31:$B$116)) -> 0 | H98: =IF($A98="","",SUMIF(Július!$A$31:$A$116,$A98,Július!$B$31:$B$116)) -> 0 | I98: =IF($A98="","",SUMIF(Augusztus!$A$31:$A$116,$A98,Augusztus!$B$31:$B$116)) -> 0 | J98: =IF($A98="","",SUMIF(Szeptember!$A$31:$A$116,$A98,Szeptember!$B$31:$B$116)) -> 0 | K98: =IF($A98="","",SUMIF(Október!$A$31:$A$116,$A98,Október!$B$31:$B$116)) -> 0 | L98: =IF($A98="","",SUMIF(November!$A$31:$A$116,$A98,November!$B$31:$B$116)) -> 0 | M98: =IF($A98="","",SUMIF(December!$A$31:$A$116,$A98,December!$B$31:$B$116)) -> 0 | N98: =IF($A98="","",SUM(B98:M98)) -> 0 | O98: =IF($A98="","",N98/MAX(1,$Q$1)) -> 0 | P98: =IF(OR(N98="",$N$7=0),"",N98/$N$7)
A99: =IFERROR(INDEX(_Segéd!$G$2:$G$793,MATCH(48,_Segéd!$H$2:$H$793,0)),"") -> Szórakozás (mozi, színház, koncert, étterem) | B99: =IF($A99="","",SUMIF(Január!$A$31:$A$116,$A99,Január!$B$31:$B$116)) -> 0 | C99: =IF($A99="","",SUMIF(Február!$A$31:$A$116,$A99,Február!$B$31:$B$116)) -> 0 | D99: =IF($A99="","",SUMIF(Március!$A$31:$A$116,$A99,Március!$B$31:$B$116)) -> 0 | E99: =IF($A99="","",SUMIF(Április!$A$31:$A$116,$A99,Április!$B$31:$B$116)) -> 0 | F99: =IF($A99="","",SUMIF(Május!$A$31:$A$116,$A99,Május!$B$31:$B$116)) -> 0 | G99: =IF($A99="","",SUMIF(Június!$A$31:$A$116,$A99,Június!$B$31:$B$116)) -> 0 | H99: =IF($A99="","",SUMIF(Július!$A$31:$A$116,$A99,Július!$B$31:$B$116)) -> 0 | I99: =IF($A99="","",SUMIF(Augusztus!$A$31:$A$116,$A99,Augusztus!$B$31:$B$116)) -> 0 | J99: =IF($A99="","",SUMIF(Szeptember!$A$31:$A$116,$A99,Szeptember!$B$31:$B$116)) -> 0 | K99: =IF($A99="","",SUMIF(Október!$A$31:$A$116,$A99,Október!$B$31:$B$116)) -> 0 | L99: =IF($A99="","",SUMIF(November!$A$31:$A$116,$A99,November!$B$31:$B$116)) -> 0 | M99: =IF($A99="","",SUMIF(December!$A$31:$A$116,$A99,December!$B$31:$B$116)) -> 0 | N99: =IF($A99="","",SUM(B99:M99)) -> 0 | O99: =IF($A99="","",N99/MAX(1,$Q$1)) -> 0 | P99: =IF(OR(N99="",$N$7=0),"",N99/$N$7)
A100: =IFERROR(INDEX(_Segéd!$G$2:$G$793,MATCH(49,_Segéd!$H$2:$H$793,0)),"") -> Nyaralás, utazás | B100: =IF($A100="","",SUMIF(Január!$A$31:$A$116,$A100,Január!$B$31:$B$116)) -> 0 | C100: =IF($A100="","",SUMIF(Február!$A$31:$A$116,$A100,Február!$B$31:$B$116)) -> 0 | D100: =IF($A100="","",SUMIF(Március!$A$31:$A$116,$A100,Március!$B$31:$B$116)) -> 0 | E100: =IF($A100="","",SUMIF(Április!$A$31:$A$116,$A100,Április!$B$31:$B$116)) -> 0 | F100: =IF($A100="","",SUMIF(Május!$A$31:$A$116,$A100,Május!$B$31:$B$116)) -> 0 | G100: =IF($A100="","",SUMIF(Június!$A$31:$A$116,$A100,Június!$B$31:$B$116)) -> 0 | H100: =IF($A100="","",SUMIF(Július!$A$31:$A$116,$A100,Július!$B$31:$B$116)) -> 0 | I100: =IF($A100="","",SUMIF(Augusztus!$A$31:$A$116,$A100,Augusztus!$B$31:$B$116)) -> 0 | J100: =IF($A100="","",SUMIF(Szeptember!$A$31:$A$116,$A100,Szeptember!$B$31:$B$116)) -> 0 | K100: =IF($A100="","",SUMIF(Október!$A$31:$A$116,$A100,Október!$B$31:$B$116)) -> 0 | L100: =IF($A100="","",SUMIF(November!$A$31:$A$116,$A100,November!$B$31:$B$116)) -> 0 | M100: =IF($A100="","",SUMIF(December!$A$31:$A$116,$A100,December!$B$31:$B$116)) -> 0 | N100: =IF($A100="","",SUM(B100:M100)) -> 0 | O100: =IF($A100="","",N100/MAX(1,$Q$1)) -> 0 | P100: =IF(OR(N100="",$N$7=0),"",N100/$N$7)
A101: =IFERROR(INDEX(_Segéd!$G$2:$G$793,MATCH(50,_Segéd!$H$2:$H$793,0)),"") -> Ünnepek, ajándékok | B101: =IF($A101="","",SUMIF(Január!$A$31:$A$116,$A101,Január!$B$31:$B$116)) -> 0 | C101: =IF($A101="","",SUMIF(Február!$A$31:$A$116,$A101,Február!$B$31:$B$116)) -> 0 | D101: =IF($A101="","",SUMIF(Március!$A$31:$A$116,$A101,Március!$B$31:$B$116)) -> 0 | E101: =IF($A101="","",SUMIF(Április!$A$31:$A$116,$A101,Április!$B$31:$B$116)) -> 0 | F101: =IF($A101="","",SUMIF(Május!$A$31:$A$116,$A101,Május!$B$31:$B$116)) -> 0 | G101: =IF($A101="","",SUMIF(Június!$A$31:$A$116,$A101,Június!$B$31:$B$116)) -> 0 | H101: =IF($A101="","",SUMIF(Július!$A$31:$A$116,$A101,Július!$B$31:$B$116)) -> 0 | I101: =IF($A101="","",SUMIF(Augusztus!$A$31:$A$116,$A101,Augusztus!$B$31:$B$116)) -> 0 | J101: =IF($A101="","",SUMIF(Szeptember!$A$31:$A$116,$A101,Szeptember!$B$31:$B$116)) -> 0 | K101: =IF($A101="","",SUMIF(Október!$A$31:$A$116,$A101,Október!$B$31:$B$116)) -> 0 | L101: =IF($A101="","",SUMIF(November!$A$31:$A$116,$A101,November!$B$31:$B$116)) -> 0 | M101: =IF($A101="","",SUMIF(December!$A$31:$A$116,$A101,December!$B$31:$B$116)) -> 0 | N101: =IF($A101="","",SUM(B101:M101)) -> 0 | O101: =IF($A101="","",N101/MAX(1,$Q$1)) -> 0 | P101: =IF(OR(N101="",$N$7=0),"",N101/$N$7)
...

Sheet Január
A1: =" 💰 HAVI KÖLTSÉGVETÉS — "&UPPER("Január")&" "&'📊 Éves Összesítő'!$B$2 -> 💰 HAVI KÖLTSÉGVETÉS — JANUÁR 2026
A2: Kategória / Megnevezés | B2: Összeg (Ft) | C2: Összesítő (Ft) | D2: Tervezett (Ft) | E2: Eltérés a tervtől (− = rossz) | F2: Arány
A3: 💚 BEVÉTELEK
A4: Munkából származó bevétel
A5: Munkabér 1 (pl. saját) | E5: =IF(D5=0,"",B5-D5) | F5: =IF(OR($C$16=0,B5=""),"",B5/$C$16)
A6: Munkabér 2 (pl. partner) | E6: =IF(D6=0,"",B6-D6) | F6: =IF(OR($C$16=0,B6=""),"",B6/$C$16)
A7: Vállalkozói bevétel | E7: =IF(D7=0,"",B7-D7) | F7: =IF(OR($C$16=0,B7=""),"",B7/$C$16)
E8: =IF(D8=0,"",B8-D8) | F8: =IF(OR($C$16=0,B8=""),"",B8/$C$16)
A9: ∑ Munkából származó bevétel | C9: =SUM(B5:B8) -> 0 | D9: =SUM(D5:D8) -> 0 | E9: =IF(D9=0,"",C9-D9) | F9: =IF(OR($C$16=0,C9=""),"",C9/$C$16)
A10: Egyéb bevétel
A11: CSED / GYED / GYES | E11: =IF(D11=0,"",B11-D11) | F11: =IF(OR($C$16=0,B11=""),"",B11/$C$16)
A12: Családi pótlék | E12: =IF(D12=0,"",B12-D12) | F12: =IF(OR($C$16=0,B12=""),"",B12/$C$16)
A13: Egyéb (lakáskiadás, bónusz stb.) | E13: =IF(D13=0,"",B13-D13) | F13: =IF(OR($C$16=0,B13=""),"",B13/$C$16)
E14: =IF(D14=0,"",B14-D14) | F14: =IF(OR($C$16=0,B14=""),"",B14/$C$16)
A15: ∑ Egyéb bevétel | C15: =SUM(B11:B14) -> 0 | D15: =SUM(D11:D14) -> 0 | E15: =IF(D15=0,"",C15-D15) | F15: =IF(OR($C$16=0,C15=""),"",C15/$C$16)
A16: ÖSSZESEN: 💚 BEVÉTELEK | C16: =C9+C15 -> 0 | D16: =D9+D15 -> 0 | E16: =IF(D16=0,"",C16-D16) | F16: =IF($C$16=0,"",1)
A17: 💎 MEGTAKARÍTÁSOK
A18: Vésztartalék | E18: =IF(D18=0,"",B18-D18) | F18: =IF(OR($C$28=0,B18=""),"",B18/$C$28)
A19: Lakástakarékpénztár | E19: =IF(D19=0,"",B19-D19) | F19: =IF(OR($C$28=0,B19=""),"",B19/$C$28)
A20: Általános cél | E20: =IF(D20=0,"",B20-D20) | F20: =IF(OR($C$28=0,B20=""),"",B20/$C$28)
A21: Hosszú távú (min. 10 éves, általános célú) | E21: =IF(D21=0,"",B21-D21) | F21: =IF(OR($C$28=0,B21=""),"",B21/$C$28)
A22: Hosszú távú (min. 10 éves, lakás célú) | E22: =IF(D22=0,"",B22-D22) | F22: =IF(OR($C$28=0,B22=""),"",B22/$C$28)
A23: Hosszú távú (min. 10 éves, gyermek jövője célú) | E23: =IF(D23=0,"",B23-D23) | F23: =IF(OR($C$28=0,B23=""),"",B23/$C$28)
A24: Hosszú távú (min. 15 éves, nyugdíj célú) | E24: =IF(D24=0,"",B24-D24) | F24: =IF(OR($C$28=0,B24=""),"",B24/$C$28)
A25: Nyugdíjbiztosítás | E25: =IF(D25=0,"",B25-D25) | F25: =IF(OR($C$28=0,B25=""),"",B25/$C$28)
E26: =IF(D26=0,"",B26-D26) | F26: =IF(OR($C$28=0,B26=""),"",B26/$C$28)
E27: =IF(D27=0,"",B27-D27) | F27: =IF(OR($C$28=0,B27=""),"",B27/$C$28)
A28: ÖSSZESEN: 💎 MEGTAKARÍTÁSOK | C28: =SUM(B18:B27) -> 0 | D28: =SUM(D18:D27) -> 0 | E28: =IF(D28=0,"",C28-D28) | F28: =IF($C$16=0,"",C28/$C$16)
A29: ❤️ KIADÁSOK
A30: Lakhatás
A31: Albérleti díj / lakáshitel | E31: =IF(D31=0,"",D31-B31) | F31: =IF(OR($C$118=0,B31=""),"",B31/$C$118)
A32: Rezsi (közművek, közös költség) | E32: =IF(D32=0,"",D32-B32) | F32: =IF(OR($C$118=0,B32=""),"",B32/$C$118)
A33: Telefon, internet, digitális előfizetések | E33: =IF(D33=0,"",D33-B33) | F33: =IF(OR($C$118=0,B33=""),"",B33/$C$118)
E34: =IF(D34=0,"",D34-B34) | F34: =IF(OR($C$118=0,B34=""),"",B34/$C$118)
A35: ∑ Lakhatás | C35: =SUM(B31:B34) -> 0 | D35: =SUM(D31:D34) -> 0 | E35: =IF(D35=0,"",D35-C35) | F35: =IF(OR($C$118=0,C35=""),"",C35/$C$118)
A36: Étkezés, bevásárlás
A37: Nagybevásárlások | E37: =IF(D37=0,"",D37-B37) | F37: =IF(OR($C$118=0,B37=""),"",B37/$C$118)
A38: Drogéria | E38: =IF(D38=0,"",D38-B38) | F38: =IF(OR($C$118=0,B38=""),"",B38/$C$118)
A39: Ételrendelés | E39: =IF(D39=0,"",D39-B39) | F39: =IF(OR($C$118=0,B39=""),"",B39/$C$118)
A40: Egyéb élelmiszer, bevásárlás | E40: =IF(D40=0,"",D40-B40) | F40: =IF(OR($C$118=0,B40=""),"",B40/$C$118)
E41: =IF(D41=0,"",D41-B41) | F41: =IF(OR($C$118=0,B41=""),"",B41/$C$118)
A42: ∑ Étkezés, bevásárlás | C42: =SUM(B37:B41) -> 0 | D42: =SUM(D37:D41) -> 0 | E42: =IF(D42=0,"",D42-C42) | F42: =IF(OR($C$118=0,C42=""),"",C42/$C$118)
A43: Pénzügyek (biztosítások, szerződések és hitelek)
A44: Lakásbiztosítás | E44: =IF(D44=0,"",D44-B44) | F44: =IF(OR($C$118=0,B44=""),"",B44/$C$118)
A45: Életbiztosítás | E45: =IF(D45=0,"",D45-B45) | F45: =IF(OR($C$118=0,B45=""),"",B45/$C$118)
A46: Baleset- és betegségbiztosítás | E46: =IF(D46=0,"",D46-B46) | F46: =IF(OR($C$118=0,B46=""),"",B46/$C$118)
A47: Egészségbiztosítás | E47: =IF(D47=0,"",D47-B47) | F47: =IF(OR($C$118=0,B47=""),"",B47/$C$118)
A48: Hiteltörlesztés | E48: =IF(D48=0,"",D48-B48) | F48: =IF(OR($C$118=0,B48=""),"",B48/$C$118)
A49: Egyéb szerződés | E49: =IF(D49=0,"",D49-B49) | F49: =IF(OR($C$118=0,B49=""),"",B49/$C$118)
E50: =IF(D50=0,"",D50-B50) | F50: =IF(OR($C$118=0,B50=""),"",B50/$C$118)
E51: =IF(D51=0,"",D51-B51) | F51: =IF(OR($C$118=0,B51=""),"",B51/$C$118)
A52: ∑ Pénzügyek (biztosítások, szerződések és hitelek) | C52: =SUM(B44:B51) -> 0 | D52: =SUM(D44:D51) -> 0 | E52: =IF(D52=0,"",D52-C52) | F52: =IF(OR($C$118=0,C52=""),"",C52/$C$118)
A53: Közlekedés
A54: Üzemanyag, elektromos töltés | E54: =IF(D54=0,"",D54-B54) | F54: =IF(OR($C$118=0,B54=""),"",B54/$C$118)
A55: Parkolás, útdíj, autópálya-matrica | E55: =IF(D55=0,"",D55-B55) | F55: =IF(OR($C$118=0,B55=""),"",B55/$C$118)
A56: Szerviz, karbantartás, gumicsere | E56: =IF(D56=0,"",D56-B56) | F56: =IF(OR($C$118=0,B56=""),"",B56/$C$118)
A57: KGFB (kötelező biztosítás) | E57: =IF(D57=0,"",D57-B57) | F57: =IF(OR($C$118=0,B57=""),"",B57/$C$118)
A58: CASCO | E58: =IF(D58=0,"",D58-B58) | F58: =IF(OR($C$118=0,B58=""),"",B58/$C$118)
A59: Gépjárműadó | E59: =IF(D59=0,"",D59-B59) | F59: =IF(OR($C$118=0,B59=""),"",B59/$C$118)
A60: Autóhitel, lízing részlet | E60: =IF(D60=0,"",D60-B60) | F60: =IF(OR($C$118=0,B60=""),"",B60/$C$118)
A61: Autómosás, egyéb autós költség | E61: =IF(D61=0,"",D61-B61) | F61: =IF(OR($C$118=0,B61=""),"",B61/$C$118)
A62: Tömegközlekedés, bérlet | E62: =IF(D62=0,"",D62-B62) | F62: =IF(OR($C$118=0,B62=""),"",B62/$C$118)
A63: Taxi, roller, bicikli, közösségi közlekedés | E63: =IF(D63=0,"",D63-B63) | F63: =IF(OR($C$118=0,B63=""),"",B63/$C$118)
E64: =IF(D64=0,"",D64-B64) | F64: =IF(OR($C$118=0,B64=""),"",B64/$C$118)
E65: =IF(D65=0,"",D65-B65) | F65: =IF(OR($C$118=0,B65=""),"",B65/$C$118)
A66: ∑ Közlekedés | C66: =SUM(B54:B65) -> 0 | D66: =SUM(D54:D65) -> 0 | E66: =IF(D66=0,"",D66-C66) | F66: =IF(OR($C$118=0,C66=""),"",C66/$C$118)
A67: Gyerekek
A68: Gyerek ruha, cipő | E68: =IF(D68=0,"",D68-B68) | F68: =IF(OR($C$118=0,B68=""),"",B68/$C$118)
A69: Gyerek étkeztetés (menza) | E69: =IF(D69=0,"",D69-B69) | F69: =IF(OR($C$118=0,B69=""),"",B69/$C$118)
A70: Bölcsőde, óvoda, iskola díjai | E70: =IF(D70=0,"",D70-B70) | F70: =IF(OR($C$118=0,B70=""),"",B70/$C$118)
A71: Tankönyv, tanszer | E71: =IF(D71=0,"",D71-B71) | F71: =IF(OR($C$118=0,B71=""),"",B71/$C$118)
A72: Különórák, edzések | E72: =IF(D72=0,"",D72-B72) | F72: =IF(OR($C$118=0,B72=""),"",B72/$C$118)
A73: Magánóra, korrepetálás | E73: =IF(D73=0,"",D73-B73) | F73: =IF(OR($C$118=0,B73=""),"",B73/$C$118)
A74: Zsebpénz | E74: =IF(D74=0,"",D74-B74) | F74: =IF(OR($C$118=0,B74=""),"",B74/$C$118)
A75: Játékok, szórakozás | E75: =IF(D75=0,"",D75-B75) | F75: =IF(OR($C$118=0,B75=""),"",B75/$C$118)
E76: =IF(D76=0,"",D76-B76) | F76: =IF(OR($C$118=0,B76=""),"",B76/$C$118)
E77: =IF(D77=0,"",D77-B77) | F77: =IF(OR($C$118=0,B77=""),"",B77/$C$118)
E78: =IF(D78=0,"",D78-B78) | F78: =IF(OR($C$118=0,B78=""),"",B78/$C$118)
A79: ∑ Gyerekek | C79: =SUM(B68:B78) -> 0 | D79: =SUM(D68:D78) -> 0 | E79: =IF(D79=0,"",D79-C79) | F79: =IF(OR($C$118=0,C79=""),"",C79/$C$118)
A80: Ruházkodás
A81: Ruha | E81: =IF(D81=0,"",D81-B81) | F81: =IF(OR($C$118=0,B81=""),"",B81/$C$118)
A82: Cipő | E82: =IF(D82=0,"",D82-B82) | F82: =IF(OR($C$118=0,B82=""),"",B82/$C$118)
A83: Kiegészítők (táska, ékszer, óra) | E83: =IF(D83=0,"",D83-B83) | F83: =IF(OR($C$118=0,B83=""),"",B83/$C$118)
E84: =IF(D84=0,"",D84-B84) | F84: =IF(OR($C$118=0,B84=""),"",B84/$C$118)
A85: ∑ Ruházkodás | C85: =SUM(B81:B84) -> 0 | D85: =SUM(D81:D84) -> 0 | E85: =IF(D85=0,"",D85-C85) | F85: =IF(OR($C$118=0,C85=""),"",C85/$C$118)
A86: Szépségápolás és egészség
A87: Fodrász, borbély | E87: =IF(D87=0,"",D87-B87) | F87: =IF(OR($C$118=0,B87=""),"",B87/$C$118)
A88: Kozmetikus, manikűr, pedikűr | E88: =IF(D88=0,"",D88-B88) | F88: =IF(OR($C$118=0,B88=""),"",B88/$C$118)
A89: Kozmetikumok, parfüm | E89: =IF(D89=0,"",D89-B89) | F89: =IF(OR($C$118=0,B89=""),"",B89/$C$118)
A90: Edzés, sport, bérlet | E90: =IF(D90=0,"",D90-B90) | F90: =IF(OR($C$118=0,B90=""),"",B90/$C$118)
A91: Gyógyszer, vitamin | E91: =IF(D91=0,"",D91-B91) | F91: =IF(OR($C$118=0,B91=""),"",B91/$C$118)
A92: Orvos, fogorvos, magánrendelés | E92: =IF(D92=0,"",D92-B92) | F92: =IF(OR($C$118=0,B92=""),"",B92/$C$118)
E93: =IF(D93=0,"",D93-B93) | F93: =IF(OR($C$118=0,B93=""),"",B93/$C$118)
A94: ∑ Szépségápolás és egészség | C94: =SUM(B87:B93) -> 0 | D94: =SUM(D87:D93) -> 0 | E94: =IF(D94=0,"",D94-C94) | F94: =IF(OR($C$118=0,C94=""),"",C94/$C$118)
A95: Dohányzás
A96: Cigaretta, dohány | E96: =IF(D96=0,"",D96-B96) | F96: =IF(OR($C$118=0,B96=""),"",B96/$C$118)
A97: E-cigaretta, hevített dohánytermék | E97: =IF(D97=0,"",D97-B97) | F97: =IF(OR($C$118=0,B97=""),"",B97/$C$118)
E98: =IF(D98=0,"",D98-B98) | F98: =IF(OR($C$118=0,B98=""),"",B98/$C$118)
A99: ∑ Dohányzás | C99: =SUM(B96:B98) -> 0 | D99: =SUM(D96:D98) -> 0 | E99: =IF(D99=0,"",D99-C99) | F99: =IF(OR($C$118=0,C99=""),"",C99/$C$118)
A100: Háziállat
...

Sheet Február
A1: =" 💰 HAVI KÖLTSÉGVETÉS — "&UPPER("Február")&" "&'📊 Éves Összesítő'!$B$2 -> 💰 HAVI KÖLTSÉGVETÉS — FEBRUÁR 2026
A2: Kategória / Megnevezés | B2: Összeg (Ft) | C2: Összesítő (Ft) | D2: Tervezett (Ft) | E2: Eltérés a tervtől (− = rossz) | F2: Arány
A3: 💚 BEVÉTELEK
A4: Munkából származó bevétel
A5: =IF(Január!A5="","",Január!A5) -> Munkabér 1 (pl. saját) | E5: =IF(D5=0,"",B5-D5) | F5: =IF(OR($C$16=0,B5=""),"",B5/$C$16)
A6: =IF(Január!A6="","",Január!A6) -> Munkabér 2 (pl. partner) | E6: =IF(D6=0,"",B6-D6) | F6: =IF(OR($C$16=0,B6=""),"",B6/$C$16)
A7: =IF(Január!A7="","",Január!A7) -> Vállalkozói bevétel | E7: =IF(D7=0,"",B7-D7) | F7: =IF(OR($C$16=0,B7=""),"",B7/$C$16)
A8: =IF(Január!A8="","",Január!A8) | E8: =IF(D8=0,"",B8-D8) | F8: =IF(OR($C$16=0,B8=""),"",B8/$C$16)
A9: ∑ Munkából származó bevétel | C9: =SUM(B5:B8) -> 0 | D9: =SUM(D5:D8) -> 0 | E9: =IF(D9=0,"",C9-D9) | F9: =IF(OR($C$16=0,C9=""),"",C9/$C$16)
A10: Egyéb bevétel
A11: =IF(Január!A11="","",Január!A11) -> CSED / GYED / GYES | E11: =IF(D11=0,"",B11-D11) | F11: =IF(OR($C$16=0,B11=""),"",B11/$C$16)
A12: =IF(Január!A12="","",Január!A12) -> Családi pótlék | E12: =IF(D12=0,"",B12-D12) | F12: =IF(OR($C$16=0,B12=""),"",B12/$C$16)
A13: =IF(Január!A13="","",Január!A13) -> Egyéb (lakáskiadás, bónusz stb.) | E13: =IF(D13=0,"",B13-D13) | F13: =IF(OR($C$16=0,B13=""),"",B13/$C$16)
A14: =IF(Január!A14="","",Január!A14) | E14: =IF(D14=0,"",B14-D14) | F14: =IF(OR($C$16=0,B14=""),"",B14/$C$16)
A15: ∑ Egyéb bevétel | C15: =SUM(B11:B14) -> 0 | D15: =SUM(D11:D14) -> 0 | E15: =IF(D15=0,"",C15-D15) | F15: =IF(OR($C$16=0,C15=""),"",C15/$C$16)
A16: ÖSSZESEN: 💚 BEVÉTELEK | C16: =C9+C15 -> 0 | D16: =D9+D15 -> 0 | E16: =IF(D16=0,"",C16-D16) | F16: =IF($C$16=0,"",1)
A17: 💎 MEGTAKARÍTÁSOK
A18: =IF(Január!A18="","",Január!A18) -> Vésztartalék | E18: =IF(D18=0,"",B18-D18) | F18: =IF(OR($C$28=0,B18=""),"",B18/$C$28)
A19: =IF(Január!A19="","",Január!A19) -> Lakástakarékpénztár | E19: =IF(D19=0,"",B19-D19) | F19: =IF(OR($C$28=0,B19=""),"",B19/$C$28)
A20: =IF(Január!A20="","",Január!A20) -> Általános cél | E20: =IF(D20=0,"",B20-D20) | F20: =IF(OR($C$28=0,B20=""),"",B20/$C$28)
A21: =IF(Január!A21="","",Január!A21) -> Hosszú távú (min. 10 éves, általános célú) | E21: =IF(D21=0,"",B21-D21) | F21: =IF(OR($C$28=0,B21=""),"",B21/$C$28)
A22: =IF(Január!A22="","",Január!A22) -> Hosszú távú (min. 10 éves, lakás célú) | E22: =IF(D22=0,"",B22-D22) | F22: =IF(OR($C$28=0,B22=""),"",B22/$C$28)
A23: =IF(Január!A23="","",Január!A23) -> Hosszú távú (min. 10 éves, gyermek jövője célú) | E23: =IF(D23=0,"",B23-D23) | F23: =IF(OR($C$28=0,B23=""),"",B23/$C$28)
A24: =IF(Január!A24="","",Január!A24) -> Hosszú távú (min. 15 éves, nyugdíj célú) | E24: =IF(D24=0,"",B24-D24) | F24: =IF(OR($C$28=0,B24=""),"",B24/$C$28)
A25: =IF(Január!A25="","",Január!A25) -> Nyugdíjbiztosítás | E25: =IF(D25=0,"",B25-D25) | F25: =IF(OR($C$28=0,B25=""),"",B25/$C$28)
A26: =IF(Január!A26="","",Január!A26) | E26: =IF(D26=0,"",B26-D26) | F26: =IF(OR($C$28=0,B26=""),"",B26/$C$28)
A27: =IF(Január!A27="","",Január!A27) | E27: =IF(D27=0,"",B27-D27) | F27: =IF(OR($C$28=0,B27=""),"",B27/$C$28)
A28: ÖSSZESEN: 💎 MEGTAKARÍTÁSOK | C28: =SUM(B18:B27) -> 0 | D28: =SUM(D18:D27) -> 0 | E28: =IF(D28=0,"",C28-D28) | F28: =IF($C$16=0,"",C28/$C$16)
A29: ❤️ KIADÁSOK
A30: Lakhatás
A31: =IF(Január!A31="","",Január!A31) -> Albérleti díj / lakáshitel | E31: =IF(D31=0,"",D31-B31) | F31: =IF(OR($C$118=0,B31=""),"",B31/$C$118)
A32: =IF(Január!A32="","",Január!A32) -> Rezsi (közművek, közös költség) | E32: =IF(D32=0,"",D32-B32) | F32: =IF(OR($C$118=0,B32=""),"",B32/$C$118)
A33: =IF(Január!A33="","",Január!A33) -> Telefon, internet, digitális előfizetések | E33: =IF(D33=0,"",D33-B33) | F33: =IF(OR($C$118=0,B33=""),"",B33/$C$118)
A34: =IF(Január!A34="","",Január!A34) | E34: =IF(D34=0,"",D34-B34) | F34: =IF(OR($C$118=0,B34=""),"",B34/$C$118)
A35: ∑ Lakhatás | C35: =SUM(B31:B34) -> 0 | D35: =SUM(D31:D34) -> 0 | E35: =IF(D35=0,"",D35-C35) | F35: =IF(OR($C$118=0,C35=""),"",C35/$C$118)
A36: Étkezés, bevásárlás
A37: =IF(Január!A37="","",Január!A37) -> Nagybevásárlások | E37: =IF(D37=0,"",D37-B37) | F37: =IF(OR($C$118=0,B37=""),"",B37/$C$118)
A38: =IF(Január!A38="","",Január!A38) -> Drogéria | E38: =IF(D38=0,"",D38-B38) | F38: =IF(OR($C$118=0,B38=""),"",B38/$C$118)
A39: =IF(Január!A39="","",Január!A39) -> Ételrendelés | E39: =IF(D39=0,"",D39-B39) | F39: =IF(OR($C$118=0,B39=""),"",B39/$C$118)
A40: =IF(Január!A40="","",Január!A40) -> Egyéb élelmiszer, bevásárlás | E40: =IF(D40=0,"",D40-B40) | F40: =IF(OR($C$118=0,B40=""),"",B40/$C$118)
A41: =IF(Január!A41="","",Január!A41) | E41: =IF(D41=0,"",D41-B41) | F41: =IF(OR($C$118=0,B41=""),"",B41/$C$118)
A42: ∑ Étkezés, bevásárlás | C42: =SUM(B37:B41) -> 0 | D42: =SUM(D37:D41) -> 0 | E42: =IF(D42=0,"",D42-C42) | F42: =IF(OR($C$118=0,C42=""),"",C42/$C$118)
A43: Pénzügyek (biztosítások, szerződések és hitelek)
A44: =IF(Január!A44="","",Január!A44) -> Lakásbiztosítás | E44: =IF(D44=0,"",D44-B44) | F44: =IF(OR($C$118=0,B44=""),"",B44/$C$118)
A45: =IF(Január!A45="","",Január!A45) -> Életbiztosítás | E45: =IF(D45=0,"",D45-B45) | F45: =IF(OR($C$118=0,B45=""),"",B45/$C$118)
A46: =IF(Január!A46="","",Január!A46) -> Baleset- és betegségbiztosítás | E46: =IF(D46=0,"",D46-B46) | F46: =IF(OR($C$118=0,B46=""),"",B46/$C$118)
A47: =IF(Január!A47="","",Január!A47) -> Egészségbiztosítás | E47: =IF(D47=0,"",D47-B47) | F47: =IF(OR($C$118=0,B47=""),"",B47/$C$118)
A48: =IF(Január!A48="","",Január!A48) -> Hiteltörlesztés | E48: =IF(D48=0,"",D48-B48) | F48: =IF(OR($C$118=0,B48=""),"",B48/$C$118)
A49: =IF(Január!A49="","",Január!A49) -> Egyéb szerződés | E49: =IF(D49=0,"",D49-B49) | F49: =IF(OR($C$118=0,B49=""),"",B49/$C$118)
A50: =IF(Január!A50="","",Január!A50) | E50: =IF(D50=0,"",D50-B50) | F50: =IF(OR($C$118=0,B50=""),"",B50/$C$118)
A51: =IF(Január!A51="","",Január!A51) | E51: =IF(D51=0,"",D51-B51) | F51: =IF(OR($C$118=0,B51=""),"",B51/$C$118)
A52: ∑ Pénzügyek (biztosítások, szerződések és hitelek) | C52: =SUM(B44:B51) -> 0 | D52: =SUM(D44:D51) -> 0 | E52: =IF(D52=0,"",D52-C52) | F52: =IF(OR($C$118=0,C52=""),"",C52/$C$118)
A53: Közlekedés
A54: =IF(Január!A54="","",Január!A54) -> Üzemanyag, elektromos töltés | E54: =IF(D54=0,"",D54-B54) | F54: =IF(OR($C$118=0,B54=""),"",B54/$C$118)
A55: =IF(Január!A55="","",Január!A55) -> Parkolás, útdíj, autópálya-matrica | E55: =IF(D55=0,"",D55-B55) | F55: =IF(OR($C$118=0,B55=""),"",B55/$C$118)
A56: =IF(Január!A56="","",Január!A56) -> Szerviz, karbantartás, gumicsere | E56: =IF(D56=0,"",D56-B56) | F56: =IF(OR($C$118=0,B56=""),"",B56/$C$118)
A57: =IF(Január!A57="","",Január!A57) -> KGFB (kötelező biztosítás) | E57: =IF(D57=0,"",D57-B57) | F57: =IF(OR($C$118=0,B57=""),"",B57/$C$118)
A58: =IF(Január!A58="","",Január!A58) -> CASCO | E58: =IF(D58=0,"",D58-B58) | F58: =IF(OR($C$118=0,B58=""),"",B58/$C$118)
A59: =IF(Január!A59="","",Január!A59) -> Gépjárműadó | E59: =IF(D59=0,"",D59-B59) | F59: =IF(OR($C$118=0,B59=""),"",B59/$C$118)
A60: =IF(Január!A60="","",Január!A60) -> Autóhitel, lízing részlet | E60: =IF(D60=0,"",D60-B60) | F60: =IF(OR($C$118=0,B60=""),"",B60/$C$118)
A61: =IF(Január!A61="","",Január!A61) -> Autómosás, egyéb autós költség | E61: =IF(D61=0,"",D61-B61) | F61: =IF(OR($C$118=0,B61=""),"",B61/$C$118)
A62: =IF(Január!A62="","",Január!A62) -> Tömegközlekedés, bérlet | E62: =IF(D62=0,"",D62-B62) | F62: =IF(OR($C$118=0,B62=""),"",B62/$C$118)
A63: =IF(Január!A63="","",Január!A63) -> Taxi, roller, bicikli, közösségi közlekedés | E63: =IF(D63=0,"",D63-B63) | F63: =IF(OR($C$118=0,B63=""),"",B63/$C$118)
A64: =IF(Január!A64="","",Január!A64) | E64: =IF(D64=0,"",D64-B64) | F64: =IF(OR($C$118=0,B64=""),"",B64/$C$118)
A65: =IF(Január!A65="","",Január!A65) | E65: =IF(D65=0,"",D65-B65) | F65: =IF(OR($C$118=0,B65=""),"",B65/$C$118)
A66: ∑ Közlekedés | C66: =SUM(B54:B65) -> 0 | D66: =SUM(D54:D65) -> 0 | E66: =IF(D66=0,"",D66-C66) | F66: =IF(OR($C$118=0,C66=""),"",C66/$C$118)
A67: Gyerekek
A68: =IF(Január!A68="","",Január!A68) -> Gyerek ruha, cipő | E68: =IF(D68=0,"",D68-B68) | F68: =IF(OR($C$118=0,B68=""),"",B68/$C$118)
A69: =IF(Január!A69="","",Január!A69) -> Gyerek étkeztetés (menza) | E69: =IF(D69=0,"",D69-B69) | F69: =IF(OR($C$118=0,B69=""),"",B69/$C$118)
A70: =IF(Január!A70="","",Január!A70) -> Bölcsőde, óvoda, iskola díjai | E70: =IF(D70=0,"",D70-B70) | F70: =IF(OR($C$118=0,B70=""),"",B70/$C$118)
A71: =IF(Január!A71="","",Január!A71) -> Tankönyv, tanszer | E71: =IF(D71=0,"",D71-B71) | F71: =IF(OR($C$118=0,B71=""),"",B71/$C$118)
A72: =IF(Január!A72="","",Január!A72) -> Különórák, edzések | E72: =IF(D72=0,"",D72-B72) | F72: =IF(OR($C$118=0,B72=""),"",B72/$C$118)
A73: =IF(Január!A73="","",Január!A73) -> Magánóra, korrepetálás | E73: =IF(D73=0,"",D73-B73) | F73: =IF(OR($C$118=0,B73=""),"",B73/$C$118)
A74: =IF(Január!A74="","",Január!A74) -> Zsebpénz | E74: =IF(D74=0,"",D74-B74) | F74: =IF(OR($C$118=0,B74=""),"",B74/$C$118)
A75: =IF(Január!A75="","",Január!A75) -> Játékok, szórakozás | E75: =IF(D75=0,"",D75-B75) | F75: =IF(OR($C$118=0,B75=""),"",B75/$C$118)
A76: =IF(Január!A76="","",Január!A76) | E76: =IF(D76=0,"",D76-B76) | F76: =IF(OR($C$118=0,B76=""),"",B76/$C$118)
A77: =IF(Január!A77="","",Január!A77) | E77: =IF(D77=0,"",D77-B77) | F77: =IF(OR($C$118=0,B77=""),"",B77/$C$118)
A78: =IF(Január!A78="","",Január!A78) | E78: =IF(D78=0,"",D78-B78) | F78: =IF(OR($C$118=0,B78=""),"",B78/$C$118)
A79: ∑ Gyerekek | C79: =SUM(B68:B78) -> 0 | D79: =SUM(D68:D78) -> 0 | E79: =IF(D79=0,"",D79-C79) | F79: =IF(OR($C$118=0,C79=""),"",C79/$C$118)
A80: Ruházkodás
A81: =IF(Január!A81="","",Január!A81) -> Ruha | E81: =IF(D81=0,"",D81-B81) | F81: =IF(OR($C$118=0,B81=""),"",B81/$C$118)
A82: =IF(Január!A82="","",Január!A82) -> Cipő | E82: =IF(D82=0,"",D82-B82) | F82: =IF(OR($C$118=0,B82=""),"",B82/$C$118)
A83: =IF(Január!A83="","",Január!A83) -> Kiegészítők (táska, ékszer, óra) | E83: =IF(D83=0,"",D83-B83) | F83: =IF(OR($C$118=0,B83=""),"",B83/$C$118)
A84: =IF(Január!A84="","",Január!A84) | E84: =IF(D84=0,"",D84-B84) | F84: =IF(OR($C$118=0,B84=""),"",B84/$C$118)
A85: ∑ Ruházkodás | C85: =SUM(B81:B84) -> 0 | D85: =SUM(D81:D84) -> 0 | E85: =IF(D85=0,"",D85-C85) | F85: =IF(OR($C$118=0,C85=""),"",C85/$C$118)
A86: Szépségápolás és egészség
A87: =IF(Január!A87="","",Január!A87) -> Fodrász, borbély | E87: =IF(D87=0,"",D87-B87) | F87: =IF(OR($C$118=0,B87=""),"",B87/$C$118)
A88: =IF(Január!A88="","",Január!A88) -> Kozmetikus, manikűr, pedikűr | E88: =IF(D88=0,"",D88-B88) | F88: =IF(OR($C$118=0,B88=""),"",B88/$C$118)
A89: =IF(Január!A89="","",Január!A89) -> Kozmetikumok, parfüm | E89: =IF(D89=0,"",D89-B89) | F89: =IF(OR($C$118=0,B89=""),"",B89/$C$118)
A90: =IF(Január!A90="","",Január!A90) -> Edzés, sport, bérlet | E90: =IF(D90=0,"",D90-B90) | F90: =IF(OR($C$118=0,B90=""),"",B90/$C$118)
A91: =IF(Január!A91="","",Január!A91) -> Gyógyszer, vitamin | E91: =IF(D91=0,"",D91-B91) | F91: =IF(OR($C$118=0,B91=""),"",B91/$C$118)
A92: =IF(Január!A92="","",Január!A92) -> Orvos, fogorvos, magánrendelés | E92: =IF(D92=0,"",D92-B92) | F92: =IF(OR($C$118=0,B92=""),"",B92/$C$118)
A93: =IF(Január!A93="","",Január!A93) | E93: =IF(D93=0,"",D93-B93) | F93: =IF(OR($C$118=0,B93=""),"",B93/$C$118)
A94: ∑ Szépségápolás és egészség | C94: =SUM(B87:B93) -> 0 | D94: =SUM(D87:D93) -> 0 | E94: =IF(D94=0,"",D94-C94) | F94: =IF(OR($C$118=0,C94=""),"",C94/$C$118)
A95: Dohányzás
A96: =IF(Január!A96="","",Január!A96) -> Cigaretta, dohány | E96: =IF(D96=0,"",D96-B96) | F96: =IF(OR($C$118=0,B96=""),"",B96/$C$118)
A97: =IF(Január!A97="","",Január!A97) -> E-cigaretta, hevített dohánytermék | E97: =IF(D97=0,"",D97-B97) | F97: =IF(OR($C$118=0,B97=""),"",B97/$C$118)
A98: =IF(Január!A98="","",Január!A98) | E98: =IF(D98=0,"",D98-B98) | F98: =IF(OR($C$118=0,B98=""),"",B98/$C$118)
A99: ∑ Dohányzás | C99: =SUM(B96:B98) -> 0 | D99: =SUM(D96:D98) -> 0 | E99: =IF(D99=0,"",D99-C99) | F99: =IF(OR($C$118=0,C99=""),"",C99/$C$118)
A100: Háziállat
...

Sheet Március
A1: =" 💰 HAVI KÖLTSÉGVETÉS — "&UPPER("Március")&" "&'📊 Éves Összesítő'!$B$2 -> 💰 HAVI KÖLTSÉGVETÉS — MÁRCIUS 2026
A2: Kategória / Megnevezés | B2: Összeg (Ft) | C2: Összesítő (Ft) | D2: Tervezett (Ft) | E2: Eltérés a tervtől (− = rossz) | F2: Arány
A3: 💚 BEVÉTELEK
A4: Munkából származó bevétel
A5: =IF(Február!A5="","",Február!A5) -> Munkabér 1 (pl. saját) | E5: =IF(D5=0,"",B5-D5) | F5: =IF(OR($C$16=0,B5=""),"",B5/$C$16)
A6: =IF(Február!A6="","",Február!A6) -> Munkabér 2 (pl. partner) | E6: =IF(D6=0,"",B6-D6) | F6: =IF(OR($C$16=0,B6=""),"",B6/$C$16)
A7: =IF(Február!A7="","",Február!A7) -> Vállalkozói bevétel | E7: =IF(D7=0,"",B7-D7) | F7: =IF(OR($C$16=0,B7=""),"",B7/$C$16)
A8: =IF(Február!A8="","",Február!A8) | E8: =IF(D8=0,"",B8-D8) | F8: =IF(OR($C$16=0,B8=""),"",B8/$C$16)
A9: ∑ Munkából származó bevétel | C9: =SUM(B5:B8) -> 0 | D9: =SUM(D5:D8) -> 0 | E9: =IF(D9=0,"",C9-D9) | F9: =IF(OR($C$16=0,C9=""),"",C9/$C$16)
A10: Egyéb bevétel
A11: =IF(Február!A11="","",Február!A11) -> CSED / GYED / GYES | E11: =IF(D11=0,"",B11-D11) | F11: =IF(OR($C$16=0,B11=""),"",B11/$C$16)
A12: =IF(Február!A12="","",Február!A12) -> Családi pótlék | E12: =IF(D12=0,"",B12-D12) | F12: =IF(OR($C$16=0,B12=""),"",B12/$C$16)
A13: =IF(Február!A13="","",Február!A13) -> Egyéb (lakáskiadás, bónusz stb.) | E13: =IF(D13=0,"",B13-D13) | F13: =IF(OR($C$16=0,B13=""),"",B13/$C$16)
A14: =IF(Február!A14="","",Február!A14) | E14: =IF(D14=0,"",B14-D14) | F14: =IF(OR($C$16=0,B14=""),"",B14/$C$16)
A15: ∑ Egyéb bevétel | C15: =SUM(B11:B14) -> 0 | D15: =SUM(D11:D14) -> 0 | E15: =IF(D15=0,"",C15-D15) | F15: =IF(OR($C$16=0,C15=""),"",C15/$C$16)
A16: ÖSSZESEN: 💚 BEVÉTELEK | C16: =C9+C15 -> 0 | D16: =D9+D15 -> 0 | E16: =IF(D16=0,"",C16-D16) | F16: =IF($C$16=0,"",1)
A17: 💎 MEGTAKARÍTÁSOK
A18: =IF(Február!A18="","",Február!A18) -> Vésztartalék | E18: =IF(D18=0,"",B18-D18) | F18: =IF(OR($C$28=0,B18=""),"",B18/$C$28)
A19: =IF(Február!A19="","",Február!A19) -> Lakástakarékpénztár | E19: =IF(D19=0,"",B19-D19) | F19: =IF(OR($C$28=0,B19=""),"",B19/$C$28)
A20: =IF(Február!A20="","",Február!A20) -> Általános cél | E20: =IF(D20=0,"",B20-D20) | F20: =IF(OR($C$28=0,B20=""),"",B20/$C$28)
A21: =IF(Február!A21="","",Február!A21) -> Hosszú távú (min. 10 éves, általános célú) | E21: =IF(D21=0,"",B21-D21) | F21: =IF(OR($C$28=0,B21=""),"",B21/$C$28)
A22: =IF(Február!A22="","",Február!A22) -> Hosszú távú (min. 10 éves, lakás célú) | E22: =IF(D22=0,"",B22-D22) | F22: =IF(OR($C$28=0,B22=""),"",B22/$C$28)
A23: =IF(Február!A23="","",Február!A23) -> Hosszú távú (min. 10 éves, gyermek jövője célú) | E23: =IF(D23=0,"",B23-D23) | F23: =IF(OR($C$28=0,B23=""),"",B23/$C$28)
A24: =IF(Február!A24="","",Február!A24) -> Hosszú távú (min. 15 éves, nyugdíj célú) | E24: =IF(D24=0,"",B24-D24) | F24: =IF(OR($C$28=0,B24=""),"",B24/$C$28)
A25: =IF(Február!A25="","",Február!A25) -> Nyugdíjbiztosítás | E25: =IF(D25=0,"",B25-D25) | F25: =IF(OR($C$28=0,B25=""),"",B25/$C$28)
A26: =IF(Február!A26="","",Február!A26) | E26: =IF(D26=0,"",B26-D26) | F26: =IF(OR($C$28=0,B26=""),"",B26/$C$28)
A27: =IF(Február!A27="","",Február!A27) | E27: =IF(D27=0,"",B27-D27) | F27: =IF(OR($C$28=0,B27=""),"",B27/$C$28)
A28: ÖSSZESEN: 💎 MEGTAKARÍTÁSOK | C28: =SUM(B18:B27) -> 0 | D28: =SUM(D18:D27) -> 0 | E28: =IF(D28=0,"",C28-D28) | F28: =IF($C$16=0,"",C28/$C$16)
A29: ❤️ KIADÁSOK
A30: Lakhatás
A31: =IF(Február!A31="","",Február!A31) -> Albérleti díj / lakáshitel | E31: =IF(D31=0,"",D31-B31) | F31: =IF(OR($C$118=0,B31=""),"",B31/$C$118)
A32: =IF(Február!A32="","",Február!A32) -> Rezsi (közművek, közös költség) | E32: =IF(D32=0,"",D32-B32) | F32: =IF(OR($C$118=0,B32=""),"",B32/$C$118)
A33: =IF(Február!A33="","",Február!A33) -> Telefon, internet, digitális előfizetések | E33: =IF(D33=0,"",D33-B33) | F33: =IF(OR($C$118=0,B33=""),"",B33/$C$118)
A34: =IF(Február!A34="","",Február!A34) | E34: =IF(D34=0,"",D34-B34) | F34: =IF(OR($C$118=0,B34=""),"",B34/$C$118)
A35: ∑ Lakhatás | C35: =SUM(B31:B34) -> 0 | D35: =SUM(D31:D34) -> 0 | E35: =IF(D35=0,"",D35-C35) | F35: =IF(OR($C$118=0,C35=""),"",C35/$C$118)
A36: Étkezés, bevásárlás
A37: =IF(Február!A37="","",Február!A37) -> Nagybevásárlások | E37: =IF(D37=0,"",D37-B37) | F37: =IF(OR($C$118=0,B37=""),"",B37/$C$118)
A38: =IF(Február!A38="","",Február!A38) -> Drogéria | E38: =IF(D38=0,"",D38-B38) | F38: =IF(OR($C$118=0,B38=""),"",B38/$C$118)
A39: =IF(Február!A39="","",Február!A39) -> Ételrendelés | E39: =IF(D39=0,"",D39-B39) | F39: =IF(OR($C$118=0,B39=""),"",B39/$C$118)
A40: =IF(Február!A40="","",Február!A40) -> Egyéb élelmiszer, bevásárlás | E40: =IF(D40=0,"",D40-B40) | F40: =IF(OR($C$118=0,B40=""),"",B40/$C$118)
A41: =IF(Február!A41="","",Február!A41) | E41: =IF(D41=0,"",D41-B41) | F41: =IF(OR($C$118=0,B41=""),"",B41/$C$118)
A42: ∑ Étkezés, bevásárlás | C42: =SUM(B37:B41) -> 0 | D42: =SUM(D37:D41) -> 0 | E42: =IF(D42=0,"",D42-C42) | F42: =IF(OR($C$118=0,C42=""),"",C42/$C$118)
A43: Pénzügyek (biztosítások, szerződések és hitelek)
A44: =IF(Február!A44="","",Február!A44) -> Lakásbiztosítás | E44: =IF(D44=0,"",D44-B44) | F44: =IF(OR($C$118=0,B44=""),"",B44/$C$118)
A45: =IF(Február!A45="","",Február!A45) -> Életbiztosítás | E45: =IF(D45=0,"",D45-B45) | F45: =IF(OR($C$118=0,B45=""),"",B45/$C$118)
A46: =IF(Február!A46="","",Február!A46) -> Baleset- és betegségbiztosítás | E46: =IF(D46=0,"",D46-B46) | F46: =IF(OR($C$118=0,B46=""),"",B46/$C$118)
A47: =IF(Február!A47="","",Február!A47) -> Egészségbiztosítás | E47: =IF(D47=0,"",D47-B47) | F47: =IF(OR($C$118=0,B47=""),"",B47/$C$118)
A48: =IF(Február!A48="","",Február!A48) -> Hiteltörlesztés | E48: =IF(D48=0,"",D48-B48) | F48: =IF(OR($C$118=0,B48=""),"",B48/$C$118)
A49: =IF(Február!A49="","",Február!A49) -> Egyéb szerződés | E49: =IF(D49=0,"",D49-B49) | F49: =IF(OR($C$118=0,B49=""),"",B49/$C$118)
A50: =IF(Február!A50="","",Február!A50) | E50: =IF(D50=0,"",D50-B50) | F50: =IF(OR($C$118=0,B50=""),"",B50/$C$118)
A51: =IF(Február!A51="","",Február!A51) | E51: =IF(D51=0,"",D51-B51) | F51: =IF(OR($C$118=0,B51=""),"",B51/$C$118)
A52: ∑ Pénzügyek (biztosítások, szerződések és hitelek) | C52: =SUM(B44:B51) -> 0 | D52: =SUM(D44:D51) -> 0 | E52: =IF(D52=0,"",D52-C52) | F52: =IF(OR($C$118=0,C52=""),"",C52/$C$118)
A53: Közlekedés
A54: =IF(Február!A54="","",Február!A54) -> Üzemanyag, elektromos töltés | E54: =IF(D54=0,"",D54-B54) | F54: =IF(OR($C$118=0,B54=""),"",B54/$C$118)
A55: =IF(Február!A55="","",Február!A55) -> Parkolás, útdíj, autópálya-matrica | E55: =IF(D55=0,"",D55-B55) | F55: =IF(OR($C$118=0,B55=""),"",B55/$C$118)
A56: =IF(Február!A56="","",Február!A56) -> Szerviz, karbantartás, gumicsere | E56: =IF(D56=0,"",D56-B56) | F56: =IF(OR($C$118=0,B56=""),"",B56/$C$118)
A57: =IF(Február!A57="","",Február!A57) -> KGFB (kötelező biztosítás) | E57: =IF(D57=0,"",D57-B57) | F57: =IF(OR($C$118=0,B57=""),"",B57/$C$118)
A58: =IF(Február!A58="","",Február!A58) -> CASCO | E58: =IF(D58=0,"",D58-B58) | F58: =IF(OR($C$118=0,B58=""),"",B58/$C$118)
A59: =IF(Február!A59="","",Február!A59) -> Gépjárműadó | E59: =IF(D59=0,"",D59-B59) | F59: =IF(OR($C$118=0,B59=""),"",B59/$C$118)
A60: =IF(Február!A60="","",Február!A60) -> Autóhitel, lízing részlet | E60: =IF(D60=0,"",D60-B60) | F60: =IF(OR($C$118=0,B60=""),"",B60/$C$118)
A61: =IF(Február!A61="","",Február!A61) -> Autómosás, egyéb autós költség | E61: =IF(D61=0,"",D61-B61) | F61: =IF(OR($C$118=0,B61=""),"",B61/$C$118)
A62: =IF(Február!A62="","",Február!A62) -> Tömegközlekedés, bérlet | E62: =IF(D62=0,"",D62-B62) | F62: =IF(OR($C$118=0,B62=""),"",B62/$C$118)
A63: =IF(Február!A63="","",Február!A63) -> Taxi, roller, bicikli, közösségi közlekedés | E63: =IF(D63=0,"",D63-B63) | F63: =IF(OR($C$118=0,B63=""),"",B63/$C$118)
A64: =IF(Február!A64="","",Február!A64) | E64: =IF(D64=0,"",D64-B64) | F64: =IF(OR($C$118=0,B64=""),"",B64/$C$118)
A65: =IF(Február!A65="","",Február!A65) | E65: =IF(D65=0,"",D65-B65) | F65: =IF(OR($C$118=0,B65=""),"",B65/$C$118)
A66: ∑ Közlekedés | C66: =SUM(B54:B65) -> 0 | D66: =SUM(D54:D65) -> 0 | E66: =IF(D66=0,"",D66-C66) | F66: =IF(OR($C$118=0,C66=""),"",C66/$C$118)
A67: Gyerekek
A68: =IF(Február!A68="","",Február!A68) -> Gyerek ruha, cipő | E68: =IF(D68=0,"",D68-B68) | F68: =IF(OR($C$118=0,B68=""),"",B68/$C$118)
A69: =IF(Február!A69="","",Február!A69) -> Gyerek étkeztetés (menza) | E69: =IF(D69=0,"",D69-B69) | F69: =IF(OR($C$118=0,B69=""),"",B69/$C$118)
A70: =IF(Február!A70="","",Február!A70) -> Bölcsőde, óvoda, iskola díjai | E70: =IF(D70=0,"",D70-B70) | F70: =IF(OR($C$118=0,B70=""),"",B70/$C$118)
A71: =IF(Február!A71="","",Február!A71) -> Tankönyv, tanszer | E71: =IF(D71=0,"",D71-B71) | F71: =IF(OR($C$118=0,B71=""),"",B71/$C$118)
A72: =IF(Február!A72="","",Február!A72) -> Különórák, edzések | E72: =IF(D72=0,"",D72-B72) | F72: =IF(OR($C$118=0,B72=""),"",B72/$C$118)
A73: =IF(Február!A73="","",Február!A73) -> Magánóra, korrepetálás | E73: =IF(D73=0,"",D73-B73) | F73: =IF(OR($C$118=0,B73=""),"",B73/$C$118)
A74: =IF(Február!A74="","",Február!A74) -> Zsebpénz | E74: =IF(D74=0,"",D74-B74) | F74: =IF(OR($C$118=0,B74=""),"",B74/$C$118)
A75: =IF(Február!A75="","",Február!A75) -> Játékok, szórakozás | E75: =IF(D75=0,"",D75-B75) | F75: =IF(OR($C$118=0,B75=""),"",B75/$C$118)
A76: =IF(Február!A76="","",Február!A76) | E76: =IF(D76=0,"",D76-B76) | F76: =IF(OR($C$118=0,B76=""),"",B76/$C$118)
A77: =IF(Február!A77="","",Február!A77) | E77: =IF(D77=0,"",D77-B77) | F77: =IF(OR($C$118=0,B77=""),"",B77/$C$118)
A78: =IF(Február!A78="","",Február!A78) | E78: =IF(D78=0,"",D78-B78) | F78: =IF(OR($C$118=0,B78=""),"",B78/$C$118)
A79: ∑ Gyerekek | C79: =SUM(B68:B78) -> 0 | D79: =SUM(D68:D78) -> 0 | E79: =IF(D79=0,"",D79-C79) | F79: =IF(OR($C$118=0,C79=""),"",C79/$C$118)
A80: Ruházkodás
A81: =IF(Február!A81="","",Február!A81) -> Ruha | E81: =IF(D81=0,"",D81-B81) | F81: =IF(OR($C$118=0,B81=""),"",B81/$C$118)
A82: =IF(Február!A82="","",Február!A82) -> Cipő | E82: =IF(D82=0,"",D82-B82) | F82: =IF(OR($C$118=0,B82=""),"",B82/$C$118)
A83: =IF(Február!A83="","",Február!A83) -> Kiegészítők (táska, ékszer, óra) | E83: =IF(D83=0,"",D83-B83) | F83: =IF(OR($C$118=0,B83=""),"",B83/$C$118)
A84: =IF(Február!A84="","",Február!A84) | E84: =IF(D84=0,"",D84-B84) | F84: =IF(OR($C$118=0,B84=""),"",B84/$C$118)
A85: ∑ Ruházkodás | C85: =SUM(B81:B84) -> 0 | D85: =SUM(D81:D84) -> 0 | E85: =IF(D85=0,"",D85-C85) | F85: =IF(OR($C$118=0,C85=""),"",C85/$C$118)
A86: Szépségápolás és egészség
A87: =IF(Február!A87="","",Február!A87) -> Fodrász, borbély | E87: =IF(D87=0,"",D87-B87) | F87: =IF(OR($C$118=0,B87=""),"",B87/$C$118)
A88: =IF(Február!A88="","",Február!A88) -> Kozmetikus, manikűr, pedikűr | E88: =IF(D88=0,"",D88-B88) | F88: =IF(OR($C$118=0,B88=""),"",B88/$C$118)
A89: =IF(Február!A89="","",Február!A89) -> Kozmetikumok, parfüm | E89: =IF(D89=0,"",D89-B89) | F89: =IF(OR($C$118=0,B89=""),"",B89/$C$118)
A90: =IF(Február!A90="","",Február!A90) -> Edzés, sport, bérlet | E90: =IF(D90=0,"",D90-B90) | F90: =IF(OR($C$118=0,B90=""),"",B90/$C$118)
A91: =IF(Február!A91="","",Február!A91) -> Gyógyszer, vitamin | E91: =IF(D91=0,"",D91-B91) | F91: =IF(OR($C$118=0,B91=""),"",B91/$C$118)
A92: =IF(Február!A92="","",Február!A92) -> Orvos, fogorvos, magánrendelés | E92: =IF(D92=0,"",D92-B92) | F92: =IF(OR($C$118=0,B92=""),"",B92/$C$118)
A93: =IF(Február!A93="","",Február!A93) | E93: =IF(D93=0,"",D93-B93) | F93: =IF(OR($C$118=0,B93=""),"",B93/$C$118)
A94: ∑ Szépségápolás és egészség | C94: =SUM(B87:B93) -> 0 | D94: =SUM(D87:D93) -> 0 | E94: =IF(D94=0,"",D94-C94) | F94: =IF(OR($C$118=0,C94=""),"",C94/$C$118)
A95: Dohányzás
A96: =IF(Február!A96="","",Február!A96) -> Cigaretta, dohány | E96: =IF(D96=0,"",D96-B96) | F96: =IF(OR($C$118=0,B96=""),"",B96/$C$118)
A97: =IF(Február!A97="","",Február!A97) -> E-cigaretta, hevített dohánytermék | E97: =IF(D97=0,"",D97-B97) | F97: =IF(OR($C$118=0,B97=""),"",B97/$C$118)
A98: =IF(Február!A98="","",Február!A98) | E98: =IF(D98=0,"",D98-B98) | F98: =IF(OR($C$118=0,B98=""),"",B98/$C$118)
A99: ∑ Dohányzás | C99: =SUM(B96:B98) -> 0 | D99: =SUM(D96:D98) -> 0 | E99: =IF(D99=0,"",D99-C99) | F99: =IF(OR($C$118=0,C99=""),"",C99/$C$118)
A100: Háziállat
...

Sheet Április
A1: =" 💰 HAVI KÖLTSÉGVETÉS — "&UPPER("Április")&" "&'📊 Éves Összesítő'!$B$2 -> 💰 HAVI KÖLTSÉGVETÉS — ÁPRILIS 2026
A2: Kategória / Megnevezés | B2: Összeg (Ft) | C2: Összesítő (Ft) | D2: Tervezett (Ft) | E2: Eltérés a tervtől (− = rossz) | F2: Arány
A3: 💚 BEVÉTELEK
A4: Munkából származó bevétel
A5: =IF(Március!A5="","",Március!A5) -> Munkabér 1 (pl. saját) | E5: =IF(D5=0,"",B5-D5) | F5: =IF(OR($C$16=0,B5=""),"",B5/$C$16)
A6: =IF(Március!A6="","",Március!A6) -> Munkabér 2 (pl. partner) | E6: =IF(D6=0,"",B6-D6) | F6: =IF(OR($C$16=0,B6=""),"",B6/$C$16)
A7: =IF(Március!A7="","",Március!A7) -> Vállalkozói bevétel | E7: =IF(D7=0,"",B7-D7) | F7: =IF(OR($C$16=0,B7=""),"",B7/$C$16)
A8: =IF(Március!A8="","",Március!A8) | E8: =IF(D8=0,"",B8-D8) | F8: =IF(OR($C$16=0,B8=""),"",B8/$C$16)
A9: ∑ Munkából származó bevétel | C9: =SUM(B5:B8) -> 0 | D9: =SUM(D5:D8) -> 0 | E9: =IF(D9=0,"",C9-D9) | F9: =IF(OR($C$16=0,C9=""),"",C9/$C$16)
A10: Egyéb bevétel
A11: =IF(Március!A11="","",Március!A11) -> CSED / GYED / GYES | E11: =IF(D11=0,"",B11-D11) | F11: =IF(OR($C$16=0,B11=""),"",B11/$C$16)
A12: =IF(Március!A12="","",Március!A12) -> Családi pótlék | E12: =IF(D12=0,"",B12-D12) | F12: =IF(OR($C$16=0,B12=""),"",B12/$C$16)
A13: =IF(Március!A13="","",Március!A13) -> Egyéb (lakáskiadás, bónusz stb.) | E13: =IF(D13=0,"",B13-D13) | F13: =IF(OR($C$16=0,B13=""),"",B13/$C$16)
A14: =IF(Március!A14="","",Március!A14) | E14: =IF(D14=0,"",B14-D14) | F14: =IF(OR($C$16=0,B14=""),"",B14/$C$16)
A15: ∑ Egyéb bevétel | C15: =SUM(B11:B14) -> 0 | D15: =SUM(D11:D14) -> 0 | E15: =IF(D15=0,"",C15-D15) | F15: =IF(OR($C$16=0,C15=""),"",C15/$C$16)
A16: ÖSSZESEN: 💚 BEVÉTELEK | C16: =C9+C15 -> 0 | D16: =D9+D15 -> 0 | E16: =IF(D16=0,"",C16-D16) | F16: =IF($C$16=0,"",1)
A17: 💎 MEGTAKARÍTÁSOK
A18: =IF(Március!A18="","",Március!A18) -> Vésztartalék | E18: =IF(D18=0,"",B18-D18) | F18: =IF(OR($C$28=0,B18=""),"",B18/$C$28)
A19: =IF(Március!A19="","",Március!A19) -> Lakástakarékpénztár | E19: =IF(D19=0,"",B19-D19) | F19: =IF(OR($C$28=0,B19=""),"",B19/$C$28)
A20: =IF(Március!A20="","",Március!A20) -> Általános cél | E20: =IF(D20=0,"",B20-D20) | F20: =IF(OR($C$28=0,B20=""),"",B20/$C$28)
A21: =IF(Március!A21="","",Március!A21) -> Hosszú távú (min. 10 éves, általános célú) | E21: =IF(D21=0,"",B21-D21) | F21: =IF(OR($C$28=0,B21=""),"",B21/$C$28)
A22: =IF(Március!A22="","",Március!A22) -> Hosszú távú (min. 10 éves, lakás célú) | E22: =IF(D22=0,"",B22-D22) | F22: =IF(OR($C$28=0,B22=""),"",B22/$C$28)
A23: =IF(Március!A23="","",Március!A23) -> Hosszú távú (min. 10 éves, gyermek jövője célú) | E23: =IF(D23=0,"",B23-D23) | F23: =IF(OR($C$28=0,B23=""),"",B23/$C$28)
A24: =IF(Március!A24="","",Március!A24) -> Hosszú távú (min. 15 éves, nyugdíj célú) | E24: =IF(D24=0,"",B24-D24) | F24: =IF(OR($C$28=0,B24=""),"",B24/$C$28)
A25: =IF(Március!A25="","",Március!A25) -> Nyugdíjbiztosítás | E25: =IF(D25=0,"",B25-D25) | F25: =IF(OR($C$28=0,B25=""),"",B25/$C$28)
A26: =IF(Március!A26="","",Március!A26) | E26: =IF(D26=0,"",B26-D26) | F26: =IF(OR($C$28=0,B26=""),"",B26/$C$28)
A27: =IF(Március!A27="","",Március!A27) | E27: =IF(D27=0,"",B27-D27) | F27: =IF(OR($C$28=0,B27=""),"",B27/$C$28)
A28: ÖSSZESEN: 💎 MEGTAKARÍTÁSOK | C28: =SUM(B18:B27) -> 0 | D28: =SUM(D18:D27) -> 0 | E28: =IF(D28=0,"",C28-D28) | F28: =IF($C$16=0,"",C28/$C$16)
A29: ❤️ KIADÁSOK
A30: Lakhatás
A31: =IF(Március!A31="","",Március!A31) -> Albérleti díj / lakáshitel | E31: =IF(D31=0,"",D31-B31) | F31: =IF(OR($C$118=0,B31=""),"",B31/$C$118)
A32: =IF(Március!A32="","",Március!A32) -> Rezsi (közművek, közös költség) | E32: =IF(D32=0,"",D32-B32) | F32: =IF(OR($C$118=0,B32=""),"",B32/$C$118)
A33: =IF(Március!A33="","",Március!A33) -> Telefon, internet, digitális előfizetések | E33: =IF(D33=0,"",D33-B33) | F33: =IF(OR($C$118=0,B33=""),"",B33/$C$118)
A34: =IF(Március!A34="","",Március!A34) | E34: =IF(D34=0,"",D34-B34) | F34: =IF(OR($C$118=0,B34=""),"",B34/$C$118)
A35: ∑ Lakhatás | C35: =SUM(B31:B34) -> 0 | D35: =SUM(D31:D34) -> 0 | E35: =IF(D35=0,"",D35-C35) | F35: =IF(OR($C$118=0,C35=""),"",C35/$C$118)
A36: Étkezés, bevásárlás
A37: =IF(Március!A37="","",Március!A37) -> Nagybevásárlások | E37: =IF(D37=0,"",D37-B37) | F37: =IF(OR($C$118=0,B37=""),"",B37/$C$118)
A38: =IF(Március!A38="","",Március!A38) -> Drogéria | E38: =IF(D38=0,"",D38-B38) | F38: =IF(OR($C$118=0,B38=""),"",B38/$C$118)
A39: =IF(Március!A39="","",Március!A39) -> Ételrendelés | E39: =IF(D39=0,"",D39-B39) | F39: =IF(OR($C$118=0,B39=""),"",B39/$C$118)
A40: =IF(Március!A40="","",Március!A40) -> Egyéb élelmiszer, bevásárlás | E40: =IF(D40=0,"",D40-B40) | F40: =IF(OR($C$118=0,B40=""),"",B40/$C$118)
A41: =IF(Március!A41="","",Március!A41) | E41: =IF(D41=0,"",D41-B41) | F41: =IF(OR($C$118=0,B41=""),"",B41/$C$118)
A42: ∑ Étkezés, bevásárlás | C42: =SUM(B37:B41) -> 0 | D42: =SUM(D37:D41) -> 0 | E42: =IF(D42=0,"",D42-C42) | F42: =IF(OR($C$118=0,C42=""),"",C42/$C$118)
A43: Pénzügyek (biztosítások, szerződések és hitelek)
A44: =IF(Március!A44="","",Március!A44) -> Lakásbiztosítás | E44: =IF(D44=0,"",D44-B44) | F44: =IF(OR($C$118=0,B44=""),"",B44/$C$118)
A45: =IF(Március!A45="","",Március!A45) -> Életbiztosítás | E45: =IF(D45=0,"",D45-B45) | F45: =IF(OR($C$118=0,B45=""),"",B45/$C$118)
A46: =IF(Március!A46="","",Március!A46) -> Baleset- és betegségbiztosítás | E46: =IF(D46=0,"",D46-B46) | F46: =IF(OR($C$118=0,B46=""),"",B46/$C$118)
A47: =IF(Március!A47="","",Március!A47) -> Egészségbiztosítás | E47: =IF(D47=0,"",D47-B47) | F47: =IF(OR($C$118=0,B47=""),"",B47/$C$118)
A48: =IF(Március!A48="","",Március!A48) -> Hiteltörlesztés | E48: =IF(D48=0,"",D48-B48) | F48: =IF(OR($C$118=0,B48=""),"",B48/$C$118)
A49: =IF(Március!A49="","",Március!A49) -> Egyéb szerződés | E49: =IF(D49=0,"",D49-B49) | F49: =IF(OR($C$118=0,B49=""),"",B49/$C$118)
A50: =IF(Március!A50="","",Március!A50) | E50: =IF(D50=0,"",D50-B50) | F50: =IF(OR($C$118=0,B50=""),"",B50/$C$118)
A51: =IF(Március!A51="","",Március!A51) | E51: =IF(D51=0,"",D51-B51) | F51: =IF(OR($C$118=0,B51=""),"",B51/$C$118)
A52: ∑ Pénzügyek (biztosítások, szerződések és hitelek) | C52: =SUM(B44:B51) -> 0 | D52: =SUM(D44:D51) -> 0 | E52: =IF(D52=0,"",D52-C52) | F52: =IF(OR($C$118=0,C52=""),"",C52/$C$118)
A53: Közlekedés
A54: =IF(Március!A54="","",Március!A54) -> Üzemanyag, elektromos töltés | E54: =IF(D54=0,"",D54-B54) | F54: =IF(OR($C$118=0,B54=""),"",B54/$C$118)
A55: =IF(Március!A55="","",Március!A55) -> Parkolás, útdíj, autópálya-matrica | E55: =IF(D55=0,"",D55-B55) | F55: =IF(OR($C$118=0,B55=""),"",B55/$C$118)
A56: =IF(Március!A56="","",Március!A56) -> Szerviz, karbantartás, gumicsere | E56: =IF(D56=0,"",D56-B56) | F56: =IF(OR($C$118=0,B56=""),"",B56/$C$118)
A57: =IF(Március!A57="","",Március!A57) -> KGFB (kötelező biztosítás) | E57: =IF(D57=0,"",D57-B57) | F57: =IF(OR($C$118=0,B57=""),"",B57/$C$118)
A58: =IF(Március!A58="","",Március!A58) -> CASCO | E58: =IF(D58=0,"",D58-B58) | F58: =IF(OR($C$118=0,B58=""),"",B58/$C$118)
A59: =IF(Március!A59="","",Március!A59) -> Gépjárműadó | E59: =IF(D59=0,"",D59-B59) | F59: =IF(OR($C$118=0,B59=""),"",B59/$C$118)
A60: =IF(Március!A60="","",Március!A60) -> Autóhitel, lízing részlet | E60: =IF(D60=0,"",D60-B60) | F60: =IF(OR($C$118=0,B60=""),"",B60/$C$118)
A61: =IF(Március!A61="","",Március!A61) -> Autómosás, egyéb autós költség | E61: =IF(D61=0,"",D61-B61) | F61: =IF(OR($C$118=0,B61=""),"",B61/$C$118)
A62: =IF(Március!A62="","",Március!A62) -> Tömegközlekedés, bérlet | E62: =IF(D62=0,"",D62-B62) | F62: =IF(OR($C$118=0,B62=""),"",B62/$C$118)
A63: =IF(Március!A63="","",Március!A63) -> Taxi, roller, bicikli, közösségi közlekedés | E63: =IF(D63=0,"",D63-B63) | F63: =IF(OR($C$118=0,B63=""),"",B63/$C$118)
A64: =IF(Március!A64="","",Március!A64) | E64: =IF(D64=0,"",D64-B64) | F64: =IF(OR($C$118=0,B64=""),"",B64/$C$118)
A65: =IF(Március!A65="","",Március!A65) | E65: =IF(D65=0,"",D65-B65) | F65: =IF(OR($C$118=0,B65=""),"",B65/$C$118)
A66: ∑ Közlekedés | C66: =SUM(B54:B65) -> 0 | D66: =SUM(D54:D65) -> 0 | E66: =IF(D66=0,"",D66-C66) | F66: =IF(OR($C$118=0,C66=""),"",C66/$C$118)
A67: Gyerekek
A68: =IF(Március!A68="","",Március!A68) -> Gyerek ruha, cipő | E68: =IF(D68=0,"",D68-B68) | F68: =IF(OR($C$118=0,B68=""),"",B68/$C$118)
A69: =IF(Március!A69="","",Március!A69) -> Gyerek étkeztetés (menza) | E69: =IF(D69=0,"",D69-B69) | F69: =IF(OR($C$118=0,B69=""),"",B69/$C$118)
A70: =IF(Március!A70="","",Március!A70) -> Bölcsőde, óvoda, iskola díjai | E70: =IF(D70=0,"",D70-B70) | F70: =IF(OR($C$118=0,B70=""),"",B70/$C$118)
A71: =IF(Március!A71="","",Március!A71) -> Tankönyv, tanszer | E71: =IF(D71=0,"",D71-B71) | F71: =IF(OR($C$118=0,B71=""),"",B71/$C$118)
A72: =IF(Március!A72="","",Március!A72) -> Különórák, edzések | E72: =IF(D72=0,"",D72-B72) | F72: =IF(OR($C$118=0,B72=""),"",B72/$C$118)
A73: =IF(Március!A73="","",Március!A73) -> Magánóra, korrepetálás | E73: =IF(D73=0,"",D73-B73) | F73: =IF(OR($C$118=0,B73=""),"",B73/$C$118)
A74: =IF(Március!A74="","",Március!A74) -> Zsebpénz | E74: =IF(D74=0,"",D74-B74) | F74: =IF(OR($C$118=0,B74=""),"",B74/$C$118)
A75: =IF(Március!A75="","",Március!A75) -> Játékok, szórakozás | E75: =IF(D75=0,"",D75-B75) | F75: =IF(OR($C$118=0,B75=""),"",B75/$C$118)
A76: =IF(Március!A76="","",Március!A76) | E76: =IF(D76=0,"",D76-B76) | F76: =IF(OR($C$118=0,B76=""),"",B76/$C$118)
A77: =IF(Március!A77="","",Március!A77) | E77: =IF(D77=0,"",D77-B77) | F77: =IF(OR($C$118=0,B77=""),"",B77/$C$118)
A78: =IF(Március!A78="","",Március!A78) | E78: =IF(D78=0,"",D78-B78) | F78: =IF(OR($C$118=0,B78=""),"",B78/$C$118)
A79: ∑ Gyerekek | C79: =SUM(B68:B78) -> 0 | D79: =SUM(D68:D78) -> 0 | E79: =IF(D79=0,"",D79-C79) | F79: =IF(OR($C$118=0,C79=""),"",C79/$C$118)
A80: Ruházkodás
A81: =IF(Március!A81="","",Március!A81) -> Ruha | E81: =IF(D81=0,"",D81-B81) | F81: =IF(OR($C$118=0,B81=""),"",B81/$C$118)
A82: =IF(Március!A82="","",Március!A82) -> Cipő | E82: =IF(D82=0,"",D82-B82) | F82: =IF(OR($C$118=0,B82=""),"",B82/$C$118)
A83: =IF(Március!A83="","",Március!A83) -> Kiegészítők (táska, ékszer, óra) | E83: =IF(D83=0,"",D83-B83) | F83: =IF(OR($C$118=0,B83=""),"",B83/$C$118)
A84: =IF(Március!A84="","",Március!A84) | E84: =IF(D84=0,"",D84-B84) | F84: =IF(OR($C$118=0,B84=""),"",B84/$C$118)
A85: ∑ Ruházkodás | C85: =SUM(B81:B84) -> 0 | D85: =SUM(D81:D84) -> 0 | E85: =IF(D85=0,"",D85-C85) | F85: =IF(OR($C$118=0,C85=""),"",C85/$C$118)
A86: Szépségápolás és egészség
A87: =IF(Március!A87="","",Március!A87) -> Fodrász, borbély | E87: =IF(D87=0,"",D87-B87) | F87: =IF(OR($C$118=0,B87=""),"",B87/$C$118)
A88: =IF(Március!A88="","",Március!A88) -> Kozmetikus, manikűr, pedikűr | E88: =IF(D88=0,"",D88-B88) | F88: =IF(OR($C$118=0,B88=""),"",B88/$C$118)
A89: =IF(Március!A89="","",Március!A89) -> Kozmetikumok, parfüm | E89: =IF(D89=0,"",D89-B89) | F89: =IF(OR($C$118=0,B89=""),"",B89/$C$118)
A90: =IF(Március!A90="","",Március!A90) -> Edzés, sport, bérlet | E90: =IF(D90=0,"",D90-B90) | F90: =IF(OR($C$118=0,B90=""),"",B90/$C$118)
A91: =IF(Március!A91="","",Március!A91) -> Gyógyszer, vitamin | E91: =IF(D91=0,"",D91-B91) | F91: =IF(OR($C$118=0,B91=""),"",B91/$C$118)
A92: =IF(Március!A92="","",Március!A92) -> Orvos, fogorvos, magánrendelés | E92: =IF(D92=0,"",D92-B92) | F92: =IF(OR($C$118=0,B92=""),"",B92/$C$118)
A93: =IF(Március!A93="","",Március!A93) | E93: =IF(D93=0,"",D93-B93) | F93: =IF(OR($C$118=0,B93=""),"",B93/$C$118)
A94: ∑ Szépségápolás és egészség | C94: =SUM(B87:B93) -> 0 | D94: =SUM(D87:D93) -> 0 | E94: =IF(D94=0,"",D94-C94) | F94: =IF(OR($C$118=0,C94=""),"",C94/$C$118)
A95: Dohányzás
A96: =IF(Március!A96="","",Március!A96) -> Cigaretta, dohány | E96: =IF(D96=0,"",D96-B96) | F96: =IF(OR($C$118=0,B96=""),"",B96/$C$118)
A97: =IF(Március!A97="","",Március!A97) -> E-cigaretta, hevített dohánytermék | E97: =IF(D97=0,"",D97-B97) | F97: =IF(OR($C$118=0,B97=""),"",B97/$C$118)
A98: =IF(Március!A98="","",Március!A98) | E98: =IF(D98=0,"",D98-B98) | F98: =IF(OR($C$118=0,B98=""),"",B98/$C$118)
A99: ∑ Dohányzás | C99: =SUM(B96:B98) -> 0 | D99: =SUM(D96:D98) -> 0 | E99: =IF(D99=0,"",D99-C99) | F99: =IF(OR($C$118=0,C99=""),"",C99/$C$118)
A100: Háziállat
...

Sheet Május
A1: =" 💰 HAVI KÖLTSÉGVETÉS — "&UPPER("Május")&" "&'📊 Éves Összesítő'!$B$2 -> 💰 HAVI KÖLTSÉGVETÉS — MÁJUS 2026
A2: Kategória / Megnevezés | B2: Összeg (Ft) | C2: Összesítő (Ft) | D2: Tervezett (Ft) | E2: Eltérés a tervtől (− = rossz) | F2: Arány
A3: 💚 BEVÉTELEK
A4: Munkából származó bevétel
A5: =IF(Április!A5="","",Április!A5) -> Munkabér 1 (pl. saját) | E5: =IF(D5=0,"",B5-D5) | F5: =IF(OR($C$16=0,B5=""),"",B5/$C$16)
A6: =IF(Április!A6="","",Április!A6) -> Munkabér 2 (pl. partner) | E6: =IF(D6=0,"",B6-D6) | F6: =IF(OR($C$16=0,B6=""),"",B6/$C$16)
A7: =IF(Április!A7="","",Április!A7) -> Vállalkozói bevétel | E7: =IF(D7=0,"",B7-D7) | F7: =IF(OR($C$16=0,B7=""),"",B7/$C$16)
A8: =IF(Április!A8="","",Április!A8) | E8: =IF(D8=0,"",B8-D8) | F8: =IF(OR($C$16=0,B8=""),"",B8/$C$16)
A9: ∑ Munkából származó bevétel | C9: =SUM(B5:B8) -> 0 | D9: =SUM(D5:D8) -> 0 | E9: =IF(D9=0,"",C9-D9) | F9: =IF(OR($C$16=0,C9=""),"",C9/$C$16)
A10: Egyéb bevétel
A11: =IF(Április!A11="","",Április!A11) -> CSED / GYED / GYES | E11: =IF(D11=0,"",B11-D11) | F11: =IF(OR($C$16=0,B11=""),"",B11/$C$16)
A12: =IF(Április!A12="","",Április!A12) -> Családi pótlék | E12: =IF(D12=0,"",B12-D12) | F12: =IF(OR($C$16=0,B12=""),"",B12/$C$16)
A13: =IF(Április!A13="","",Április!A13) -> Egyéb (lakáskiadás, bónusz stb.) | E13: =IF(D13=0,"",B13-D13) | F13: =IF(OR($C$16=0,B13=""),"",B13/$C$16)
A14: =IF(Április!A14="","",Április!A14) | E14: =IF(D14=0,"",B14-D14) | F14: =IF(OR($C$16=0,B14=""),"",B14/$C$16)
A15: ∑ Egyéb bevétel | C15: =SUM(B11:B14) -> 0 | D15: =SUM(D11:D14) -> 0 | E15: =IF(D15=0,"",C15-D15) | F15: =IF(OR($C$16=0,C15=""),"",C15/$C$16)
A16: ÖSSZESEN: 💚 BEVÉTELEK | C16: =C9+C15 -> 0 | D16: =D9+D15 -> 0 | E16: =IF(D16=0,"",C16-D16) | F16: =IF($C$16=0,"",1)
A17: 💎 MEGTAKARÍTÁSOK
A18: =IF(Április!A18="","",Április!A18) -> Vésztartalék | E18: =IF(D18=0,"",B18-D18) | F18: =IF(OR($C$28=0,B18=""),"",B18/$C$28)
A19: =IF(Április!A19="","",Április!A19) -> Lakástakarékpénztár | E19: =IF(D19=0,"",B19-D19) | F19: =IF(OR($C$28=0,B19=""),"",B19/$C$28)
A20: =IF(Április!A20="","",Április!A20) -> Általános cél | E20: =IF(D20=0,"",B20-D20) | F20: =IF(OR($C$28=0,B20=""),"",B20/$C$28)
A21: =IF(Április!A21="","",Április!A21) -> Hosszú távú (min. 10 éves, általános célú) | E21: =IF(D21=0,"",B21-D21) | F21: =IF(OR($C$28=0,B21=""),"",B21/$C$28)
A22: =IF(Április!A22="","",Április!A22) -> Hosszú távú (min. 10 éves, lakás célú) | E22: =IF(D22=0,"",B22-D22) | F22: =IF(OR($C$28=0,B22=""),"",B22/$C$28)
A23: =IF(Április!A23="","",Április!A23) -> Hosszú távú (min. 10 éves, gyermek jövője célú) | E23: =IF(D23=0,"",B23-D23) | F23: =IF(OR($C$28=0,B23=""),"",B23/$C$28)
A24: =IF(Április!A24="","",Április!A24) -> Hosszú távú (min. 15 éves, nyugdíj célú) | E24: =IF(D24=0,"",B24-D24) | F24: =IF(OR($C$28=0,B24=""),"",B24/$C$28)
A25: =IF(Április!A25="","",Április!A25) -> Nyugdíjbiztosítás | E25: =IF(D25=0,"",B25-D25) | F25: =IF(OR($C$28=0,B25=""),"",B25/$C$28)
A26: =IF(Április!A26="","",Április!A26) | E26: =IF(D26=0,"",B26-D26) | F26: =IF(OR($C$28=0,B26=""),"",B26/$C$28)
A27: =IF(Április!A27="","",Április!A27) | E27: =IF(D27=0,"",B27-D27) | F27: =IF(OR($C$28=0,B27=""),"",B27/$C$28)
A28: ÖSSZESEN: 💎 MEGTAKARÍTÁSOK | C28: =SUM(B18:B27) -> 0 | D28: =SUM(D18:D27) -> 0 | E28: =IF(D28=0,"",C28-D28) | F28: =IF($C$16=0,"",C28/$C$16)
A29: ❤️ KIADÁSOK
A30: Lakhatás
A31: =IF(Április!A31="","",Április!A31) -> Albérleti díj / lakáshitel | E31: =IF(D31=0,"",D31-B31) | F31: =IF(OR($C$118=0,B31=""),"",B31/$C$118)
A32: =IF(Április!A32="","",Április!A32) -> Rezsi (közművek, közös költség) | E32: =IF(D32=0,"",D32-B32) | F32: =IF(OR($C$118=0,B32=""),"",B32/$C$118)
A33: =IF(Április!A33="","",Április!A33) -> Telefon, internet, digitális előfizetések | E33: =IF(D33=0,"",D33-B33) | F33: =IF(OR($C$118=0,B33=""),"",B33/$C$118)
A34: =IF(Április!A34="","",Április!A34) | E34: =IF(D34=0,"",D34-B34) | F34: =IF(OR($C$118=0,B34=""),"",B34/$C$118)
A35: ∑ Lakhatás | C35: =SUM(B31:B34) -> 0 | D35: =SUM(D31:D34) -> 0 | E35: =IF(D35=0,"",D35-C35) | F35: =IF(OR($C$118=0,C35=""),"",C35/$C$118)
A36: Étkezés, bevásárlás
A37: =IF(Április!A37="","",Április!A37) -> Nagybevásárlások | E37: =IF(D37=0,"",D37-B37) | F37: =IF(OR($C$118=0,B37=""),"",B37/$C$118)
A38: =IF(Április!A38="","",Április!A38) -> Drogéria | E38: =IF(D38=0,"",D38-B38) | F38: =IF(OR($C$118=0,B38=""),"",B38/$C$118)
A39: =IF(Április!A39="","",Április!A39) -> Ételrendelés | E39: =IF(D39=0,"",D39-B39) | F39: =IF(OR($C$118=0,B39=""),"",B39/$C$118)
A40: =IF(Április!A40="","",Április!A40) -> Egyéb élelmiszer, bevásárlás | E40: =IF(D40=0,"",D40-B40) | F40: =IF(OR($C$118=0,B40=""),"",B40/$C$118)
A41: =IF(Április!A41="","",Április!A41) | E41: =IF(D41=0,"",D41-B41) | F41: =IF(OR($C$118=0,B41=""),"",B41/$C$118)
A42: ∑ Étkezés, bevásárlás | C42: =SUM(B37:B41) -> 0 | D42: =SUM(D37:D41) -> 0 | E42: =IF(D42=0,"",D42-C42) | F42: =IF(OR($C$118=0,C42=""),"",C42/$C$118)
A43: Pénzügyek (biztosítások, szerződések és hitelek)
A44: =IF(Április!A44="","",Április!A44) -> Lakásbiztosítás | E44: =IF(D44=0,"",D44-B44) | F44: =IF(OR($C$118=0,B44=""),"",B44/$C$118)
A45: =IF(Április!A45="","",Április!A45) -> Életbiztosítás | E45: =IF(D45=0,"",D45-B45) | F45: =IF(OR($C$118=0,B45=""),"",B45/$C$118)
A46: =IF(Április!A46="","",Április!A46) -> Baleset- és betegségbiztosítás | E46: =IF(D46=0,"",D46-B46) | F46: =IF(OR($C$118=0,B46=""),"",B46/$C$118)
A47: =IF(Április!A47="","",Április!A47) -> Egészségbiztosítás | E47: =IF(D47=0,"",D47-B47) | F47: =IF(OR($C$118=0,B47=""),"",B47/$C$118)
A48: =IF(Április!A48="","",Április!A48) -> Hiteltörlesztés | E48: =IF(D48=0,"",D48-B48) | F48: =IF(OR($C$118=0,B48=""),"",B48/$C$118)
A49: =IF(Április!A49="","",Április!A49) -> Egyéb szerződés | E49: =IF(D49=0,"",D49-B49) | F49: =IF(OR($C$118=0,B49=""),"",B49/$C$118)
A50: =IF(Április!A50="","",Április!A50) | E50: =IF(D50=0,"",D50-B50) | F50: =IF(OR($C$118=0,B50=""),"",B50/$C$118)
A51: =IF(Április!A51="","",Április!A51) | E51: =IF(D51=0,"",D51-B51) | F51: =IF(OR($C$118=0,B51=""),"",B51/$C$118)
A52: ∑ Pénzügyek (biztosítások, szerződések és hitelek) | C52: =SUM(B44:B51) -> 0 | D52: =SUM(D44:D51) -> 0 | E52: =IF(D52=0,"",D52-C52) | F52: =IF(OR($C$118=0,C52=""),"",C52/$C$118)
A53: Közlekedés
A54: =IF(Április!A54="","",Április!A54) -> Üzemanyag, elektromos töltés | E54: =IF(D54=0,"",D54-B54) | F54: =IF(OR($C$118=0,B54=""),"",B54/$C$118)
A55: =IF(Április!A55="","",Április!A55) -> Parkolás, útdíj, autópálya-matrica | E55: =IF(D55=0,"",D55-B55) | F55: =IF(OR($C$118=0,B55=""),"",B55/$C$118)
A56: =IF(Április!A56="","",Április!A56) -> Szerviz, karbantartás, gumicsere | E56: =IF(D56=0,"",D56-B56) | F56: =IF(OR($C$118=0,B56=""),"",B56/$C$118)
A57: =IF(Április!A57="","",Április!A57) -> KGFB (kötelező biztosítás) | E57: =IF(D57=0,"",D57-B57) | F57: =IF(OR($C$118=0,B57=""),"",B57/$C$118)
A58: =IF(Április!A58="","",Április!A58) -> CASCO | E58: =IF(D58=0,"",D58-B58) | F58: =IF(OR($C$118=0,B58=""),"",B58/$C$118)
A59: =IF(Április!A59="","",Április!A59) -> Gépjárműadó | E59: =IF(D59=0,"",D59-B59) | F59: =IF(OR($C$118=0,B59=""),"",B59/$C$118)
A60: =IF(Április!A60="","",Április!A60) -> Autóhitel, lízing részlet | E60: =IF(D60=0,"",D60-B60) | F60: =IF(OR($C$118=0,B60=""),"",B60/$C$118)
A61: =IF(Április!A61="","",Április!A61) -> Autómosás, egyéb autós költség | E61: =IF(D61=0,"",D61-B61) | F61: =IF(OR($C$118=0,B61=""),"",B61/$C$118)
A62: =IF(Április!A62="","",Április!A62) -> Tömegközlekedés, bérlet | E62: =IF(D62=0,"",D62-B62) | F62: =IF(OR($C$118=0,B62=""),"",B62/$C$118)
A63: =IF(Április!A63="","",Április!A63) -> Taxi, roller, bicikli, közösségi közlekedés | E63: =IF(D63=0,"",D63-B63) | F63: =IF(OR($C$118=0,B63=""),"",B63/$C$118)
A64: =IF(Április!A64="","",Április!A64) | E64: =IF(D64=0,"",D64-B64) | F64: =IF(OR($C$118=0,B64=""),"",B64/$C$118)
A65: =IF(Április!A65="","",Április!A65) | E65: =IF(D65=0,"",D65-B65) | F65: =IF(OR($C$118=0,B65=""),"",B65/$C$118)
A66: ∑ Közlekedés | C66: =SUM(B54:B65) -> 0 | D66: =SUM(D54:D65) -> 0 | E66: =IF(D66=0,"",D66-C66) | F66: =IF(OR($C$118=0,C66=""),"",C66/$C$118)
A67: Gyerekek
A68: =IF(Április!A68="","",Április!A68) -> Gyerek ruha, cipő | E68: =IF(D68=0,"",D68-B68) | F68: =IF(OR($C$118=0,B68=""),"",B68/$C$118)
A69: =IF(Április!A69="","",Április!A69) -> Gyerek étkeztetés (menza) | E69: =IF(D69=0,"",D69-B69) | F69: =IF(OR($C$118=0,B69=""),"",B69/$C$118)
A70: =IF(Április!A70="","",Április!A70) -> Bölcsőde, óvoda, iskola díjai | E70: =IF(D70=0,"",D70-B70) | F70: =IF(OR($C$118=0,B70=""),"",B70/$C$118)
A71: =IF(Április!A71="","",Április!A71) -> Tankönyv, tanszer | E71: =IF(D71=0,"",D71-B71) | F71: =IF(OR($C$118=0,B71=""),"",B71/$C$118)
A72: =IF(Április!A72="","",Április!A72) -> Különórák, edzések | E72: =IF(D72=0,"",D72-B72) | F72: =IF(OR($C$118=0,B72=""),"",B72/$C$118)
A73: =IF(Április!A73="","",Április!A73) -> Magánóra, korrepetálás | E73: =IF(D73=0,"",D73-B73) | F73: =IF(OR($C$118=0,B73=""),"",B73/$C$118)
A74: =IF(Április!A74="","",Április!A74) -> Zsebpénz | E74: =IF(D74=0,"",D74-B74) | F74: =IF(OR($C$118=0,B74=""),"",B74/$C$118)
A75: =IF(Április!A75="","",Április!A75) -> Játékok, szórakozás | E75: =IF(D75=0,"",D75-B75) | F75: =IF(OR($C$118=0,B75=""),"",B75/$C$118)
A76: =IF(Április!A76="","",Április!A76) | E76: =IF(D76=0,"",D76-B76) | F76: =IF(OR($C$118=0,B76=""),"",B76/$C$118)
A77: =IF(Április!A77="","",Április!A77) | E77: =IF(D77=0,"",D77-B77) | F77: =IF(OR($C$118=0,B77=""),"",B77/$C$118)
A78: =IF(Április!A78="","",Április!A78) | E78: =IF(D78=0,"",D78-B78) | F78: =IF(OR($C$118=0,B78=""),"",B78/$C$118)
A79: ∑ Gyerekek | C79: =SUM(B68:B78) -> 0 | D79: =SUM(D68:D78) -> 0 | E79: =IF(D79=0,"",D79-C79) | F79: =IF(OR($C$118=0,C79=""),"",C79/$C$118)
A80: Ruházkodás
A81: =IF(Április!A81="","",Április!A81) -> Ruha | E81: =IF(D81=0,"",D81-B81) | F81: =IF(OR($C$118=0,B81=""),"",B81/$C$118)
A82: =IF(Április!A82="","",Április!A82) -> Cipő | E82: =IF(D82=0,"",D82-B82) | F82: =IF(OR($C$118=0,B82=""),"",B82/$C$118)
A83: =IF(Április!A83="","",Április!A83) -> Kiegészítők (táska, ékszer, óra) | E83: =IF(D83=0,"",D83-B83) | F83: =IF(OR($C$118=0,B83=""),"",B83/$C$118)
A84: =IF(Április!A84="","",Április!A84) | E84: =IF(D84=0,"",D84-B84) | F84: =IF(OR($C$118=0,B84=""),"",B84/$C$118)
A85: ∑ Ruházkodás | C85: =SUM(B81:B84) -> 0 | D85: =SUM(D81:D84) -> 0 | E85: =IF(D85=0,"",D85-C85) | F85: =IF(OR($C$118=0,C85=""),"",C85/$C$118)
A86: Szépségápolás és egészség
A87: =IF(Április!A87="","",Április!A87) -> Fodrász, borbély | E87: =IF(D87=0,"",D87-B87) | F87: =IF(OR($C$118=0,B87=""),"",B87/$C$118)
A88: =IF(Április!A88="","",Április!A88) -> Kozmetikus, manikűr, pedikűr | E88: =IF(D88=0,"",D88-B88) | F88: =IF(OR($C$118=0,B88=""),"",B88/$C$118)
A89: =IF(Április!A89="","",Április!A89) -> Kozmetikumok, parfüm | E89: =IF(D89=0,"",D89-B89) | F89: =IF(OR($C$118=0,B89=""),"",B89/$C$118)
A90: =IF(Április!A90="","",Április!A90) -> Edzés, sport, bérlet | E90: =IF(D90=0,"",D90-B90) | F90: =IF(OR($C$118=0,B90=""),"",B90/$C$118)
A91: =IF(Április!A91="","",Április!A91) -> Gyógyszer, vitamin | E91: =IF(D91=0,"",D91-B91) | F91: =IF(OR($C$118=0,B91=""),"",B91/$C$118)
A92: =IF(Április!A92="","",Április!A92) -> Orvos, fogorvos, magánrendelés | E92: =IF(D92=0,"",D92-B92) | F92: =IF(OR($C$118=0,B92=""),"",B92/$C$118)
A93: =IF(Április!A93="","",Április!A93) | E93: =IF(D93=0,"",D93-B93) | F93: =IF(OR($C$118=0,B93=""),"",B93/$C$118)
A94: ∑ Szépségápolás és egészség | C94: =SUM(B87:B93) -> 0 | D94: =SUM(D87:D93) -> 0 | E94: =IF(D94=0,"",D94-C94) | F94: =IF(OR($C$118=0,C94=""),"",C94/$C$118)
A95: Dohányzás
A96: =IF(Április!A96="","",Április!A96) -> Cigaretta, dohány | E96: =IF(D96=0,"",D96-B96) | F96: =IF(OR($C$118=0,B96=""),"",B96/$C$118)
A97: =IF(Április!A97="","",Április!A97) -> E-cigaretta, hevített dohánytermék | E97: =IF(D97=0,"",D97-B97) | F97: =IF(OR($C$118=0,B97=""),"",B97/$C$118)
A98: =IF(Április!A98="","",Április!A98) | E98: =IF(D98=0,"",D98-B98) | F98: =IF(OR($C$118=0,B98=""),"",B98/$C$118)
A99: ∑ Dohányzás | C99: =SUM(B96:B98) -> 0 | D99: =SUM(D96:D98) -> 0 | E99: =IF(D99=0,"",D99-C99) | F99: =IF(OR($C$118=0,C99=""),"",C99/$C$118)
A100: Háziállat
...

Sheet Június
A1: =" 💰 HAVI KÖLTSÉGVETÉS — "&UPPER("Június")&" "&'📊 Éves Összesítő'!$B$2 -> 💰 HAVI KÖLTSÉGVETÉS — JÚNIUS 2026
A2: Kategória / Megnevezés | B2: Összeg (Ft) | C2: Összesítő (Ft) | D2: Tervezett (Ft) | E2: Eltérés a tervtől (− = rossz) | F2: Arány
A3: 💚 BEVÉTELEK
A4: Munkából származó bevétel
A5: =IF(Május!A5="","",Május!A5) -> Munkabér 1 (pl. saját) | E5: =IF(D5=0,"",B5-D5) | F5: =IF(OR($C$16=0,B5=""),"",B5/$C$16)
A6: =IF(Május!A6="","",Május!A6) -> Munkabér 2 (pl. partner) | E6: =IF(D6=0,"",B6-D6) | F6: =IF(OR($C$16=0,B6=""),"",B6/$C$16)
A7: =IF(Május!A7="","",Május!A7) -> Vállalkozói bevétel | E7: =IF(D7=0,"",B7-D7) | F7: =IF(OR($C$16=0,B7=""),"",B7/$C$16)
A8: =IF(Május!A8="","",Május!A8) | E8: =IF(D8=0,"",B8-D8) | F8: =IF(OR($C$16=0,B8=""),"",B8/$C$16)
A9: ∑ Munkából származó bevétel | C9: =SUM(B5:B8) -> 0 | D9: =SUM(D5:D8) -> 0 | E9: =IF(D9=0,"",C9-D9) | F9: =IF(OR($C$16=0,C9=""),"",C9/$C$16)
A10: Egyéb bevétel
A11: =IF(Május!A11="","",Május!A11) -> CSED / GYED / GYES | E11: =IF(D11=0,"",B11-D11) | F11: =IF(OR($C$16=0,B11=""),"",B11/$C$16)
A12: =IF(Május!A12="","",Május!A12) -> Családi pótlék | E12: =IF(D12=0,"",B12-D12) | F12: =IF(OR($C$16=0,B12=""),"",B12/$C$16)
A13: =IF(Május!A13="","",Május!A13) -> Egyéb (lakáskiadás, bónusz stb.) | E13: =IF(D13=0,"",B13-D13) | F13: =IF(OR($C$16=0,B13=""),"",B13/$C$16)
A14: =IF(Május!A14="","",Május!A14) | E14: =IF(D14=0,"",B14-D14) | F14: =IF(OR($C$16=0,B14=""),"",B14/$C$16)
A15: ∑ Egyéb bevétel | C15: =SUM(B11:B14) -> 0 | D15: =SUM(D11:D14) -> 0 | E15: =IF(D15=0,"",C15-D15) | F15: =IF(OR($C$16=0,C15=""),"",C15/$C$16)
A16: ÖSSZESEN: 💚 BEVÉTELEK | C16: =C9+C15 -> 0 | D16: =D9+D15 -> 0 | E16: =IF(D16=0,"",C16-D16) | F16: =IF($C$16=0,"",1)
A17: 💎 MEGTAKARÍTÁSOK
A18: =IF(Május!A18="","",Május!A18) -> Vésztartalék | E18: =IF(D18=0,"",B18-D18) | F18: =IF(OR($C$28=0,B18=""),"",B18/$C$28)
A19: =IF(Május!A19="","",Május!A19) -> Lakástakarékpénztár | E19: =IF(D19=0,"",B19-D19) | F19: =IF(OR($C$28=0,B19=""),"",B19/$C$28)
A20: =IF(Május!A20="","",Május!A20) -> Általános cél | E20: =IF(D20=0,"",B20-D20) | F20: =IF(OR($C$28=0,B20=""),"",B20/$C$28)
A21: =IF(Május!A21="","",Május!A21) -> Hosszú távú (min. 10 éves, általános célú) | E21: =IF(D21=0,"",B21-D21) | F21: =IF(OR($C$28=0,B21=""),"",B21/$C$28)
A22: =IF(Május!A22="","",Május!A22) -> Hosszú távú (min. 10 éves, lakás célú) | E22: =IF(D22=0,"",B22-D22) | F22: =IF(OR($C$28=0,B22=""),"",B22/$C$28)
A23: =IF(Május!A23="","",Május!A23) -> Hosszú távú (min. 10 éves, gyermek jövője célú) | E23: =IF(D23=0,"",B23-D23) | F23: =IF(OR($C$28=0,B23=""),"",B23/$C$28)
A24: =IF(Május!A24="","",Május!A24) -> Hosszú távú (min. 15 éves, nyugdíj célú) | E24: =IF(D24=0,"",B24-D24) | F24: =IF(OR($C$28=0,B24=""),"",B24/$C$28)
A25: =IF(Május!A25="","",Május!A25) -> Nyugdíjbiztosítás | E25: =IF(D25=0,"",B25-D25) | F25: =IF(OR($C$28=0,B25=""),"",B25/$C$28)
A26: =IF(Május!A26="","",Május!A26) | E26: =IF(D26=0,"",B26-D26) | F26: =IF(OR($C$28=0,B26=""),"",B26/$C$28)
A27: =IF(Május!A27="","",Május!A27) | E27: =IF(D27=0,"",B27-D27) | F27: =IF(OR($C$28=0,B27=""),"",B27/$C$28)
A28: ÖSSZESEN: 💎 MEGTAKARÍTÁSOK | C28: =SUM(B18:B27) -> 0 | D28: =SUM(D18:D27) -> 0 | E28: =IF(D28=0,"",C28-D28) | F28: =IF($C$16=0,"",C28/$C$16)
A29: ❤️ KIADÁSOK
A30: Lakhatás
A31: =IF(Május!A31="","",Május!A31) -> Albérleti díj / lakáshitel | E31: =IF(D31=0,"",D31-B31) | F31: =IF(OR($C$118=0,B31=""),"",B31/$C$118)
A32: =IF(Május!A32="","",Május!A32) -> Rezsi (közművek, közös költség) | E32: =IF(D32=0,"",D32-B32) | F32: =IF(OR($C$118=0,B32=""),"",B32/$C$118)
A33: =IF(Május!A33="","",Május!A33) -> Telefon, internet, digitális előfizetések | E33: =IF(D33=0,"",D33-B33) | F33: =IF(OR($C$118=0,B33=""),"",B33/$C$118)
A34: =IF(Május!A34="","",Május!A34) | E34: =IF(D34=0,"",D34-B34) | F34: =IF(OR($C$118=0,B34=""),"",B34/$C$118)
A35: ∑ Lakhatás | C35: =SUM(B31:B34) -> 0 | D35: =SUM(D31:D34) -> 0 | E35: =IF(D35=0,"",D35-C35) | F35: =IF(OR($C$118=0,C35=""),"",C35/$C$118)
A36: Étkezés, bevásárlás
A37: =IF(Május!A37="","",Május!A37) -> Nagybevásárlások | E37: =IF(D37=0,"",D37-B37) | F37: =IF(OR($C$118=0,B37=""),"",B37/$C$118)
A38: =IF(Május!A38="","",Május!A38) -> Drogéria | E38: =IF(D38=0,"",D38-B38) | F38: =IF(OR($C$118=0,B38=""),"",B38/$C$118)
A39: =IF(Május!A39="","",Május!A39) -> Ételrendelés | E39: =IF(D39=0,"",D39-B39) | F39: =IF(OR($C$118=0,B39=""),"",B39/$C$118)
A40: =IF(Május!A40="","",Május!A40) -> Egyéb élelmiszer, bevásárlás | E40: =IF(D40=0,"",D40-B40) | F40: =IF(OR($C$118=0,B40=""),"",B40/$C$118)
A41: =IF(Május!A41="","",Május!A41) | E41: =IF(D41=0,"",D41-B41) | F41: =IF(OR($C$118=0,B41=""),"",B41/$C$118)
A42: ∑ Étkezés, bevásárlás | C42: =SUM(B37:B41) -> 0 | D42: =SUM(D37:D41) -> 0 | E42: =IF(D42=0,"",D42-C42) | F42: =IF(OR($C$118=0,C42=""),"",C42/$C$118)
A43: Pénzügyek (biztosítások, szerződések és hitelek)
A44: =IF(Május!A44="","",Május!A44) -> Lakásbiztosítás | E44: =IF(D44=0,"",D44-B44) | F44: =IF(OR($C$118=0,B44=""),"",B44/$C$118)
A45: =IF(Május!A45="","",Május!A45) -> Életbiztosítás | E45: =IF(D45=0,"",D45-B45) | F45: =IF(OR($C$118=0,B45=""),"",B45/$C$118)
A46: =IF(Május!A46="","",Május!A46) -> Baleset- és betegségbiztosítás | E46: =IF(D46=0,"",D46-B46) | F46: =IF(OR($C$118=0,B46=""),"",B46/$C$118)
A47: =IF(Május!A47="","",Május!A47) -> Egészségbiztosítás | E47: =IF(D47=0,"",D47-B47) | F47: =IF(OR($C$118=0,B47=""),"",B47/$C$118)
A48: =IF(Május!A48="","",Május!A48) -> Hiteltörlesztés | E48: =IF(D48=0,"",D48-B48) | F48: =IF(OR($C$118=0,B48=""),"",B48/$C$118)
A49: =IF(Május!A49="","",Május!A49) -> Egyéb szerződés | E49: =IF(D49=0,"",D49-B49) | F49: =IF(OR($C$118=0,B49=""),"",B49/$C$118)
A50: =IF(Május!A50="","",Május!A50) | E50: =IF(D50=0,"",D50-B50) | F50: =IF(OR($C$118=0,B50=""),"",B50/$C$118)
A51: =IF(Május!A51="","",Május!A51) | E51: =IF(D51=0,"",D51-B51) | F51: =IF(OR($C$118=0,B51=""),"",B51/$C$118)
A52: ∑ Pénzügyek (biztosítások, szerződések és hitelek) | C52: =SUM(B44:B51) -> 0 | D52: =SUM(D44:D51) -> 0 | E52: =IF(D52=0,"",D52-C52) | F52: =IF(OR($C$118=0,C52=""),"",C52/$C$118)
A53: Közlekedés
A54: =IF(Május!A54="","",Május!A54) -> Üzemanyag, elektromos töltés | E54: =IF(D54=0,"",D54-B54) | F54: =IF(OR($C$118=0,B54=""),"",B54/$C$118)
A55: =IF(Május!A55="","",Május!A55) -> Parkolás, útdíj, autópálya-matrica | E55: =IF(D55=0,"",D55-B55) | F55: =IF(OR($C$118=0,B55=""),"",B55/$C$118)
A56: =IF(Május!A56="","",Május!A56) -> Szerviz, karbantartás, gumicsere | E56: =IF(D56=0,"",D56-B56) | F56: =IF(OR($C$118=0,B56=""),"",B56/$C$118)
A57: =IF(Május!A57="","",Május!A57) -> KGFB (kötelező biztosítás) | E57: =IF(D57=0,"",D57-B57) | F57: =IF(OR($C$118=0,B57=""),"",B57/$C$118)
A58: =IF(Május!A58="","",Május!A58) -> CASCO | E58: =IF(D58=0,"",D58-B58) | F58: =IF(OR($C$118=0,B58=""),"",B58/$C$118)
A59: =IF(Május!A59="","",Május!A59) -> Gépjárműadó | E59: =IF(D59=0,"",D59-B59) | F59: =IF(OR($C$118=0,B59=""),"",B59/$C$118)
A60: =IF(Május!A60="","",Május!A60) -> Autóhitel, lízing részlet | E60: =IF(D60=0,"",D60-B60) | F60: =IF(OR($C$118=0,B60=""),"",B60/$C$118)
A61: =IF(Május!A61="","",Május!A61) -> Autómosás, egyéb autós költség | E61: =IF(D61=0,"",D61-B61) | F61: =IF(OR($C$118=0,B61=""),"",B61/$C$118)
A62: =IF(Május!A62="","",Május!A62) -> Tömegközlekedés, bérlet | E62: =IF(D62=0,"",D62-B62) | F62: =IF(OR($C$118=0,B62=""),"",B62/$C$118)
A63: =IF(Május!A63="","",Május!A63) -> Taxi, roller, bicikli, közösségi közlekedés | E63: =IF(D63=0,"",D63-B63) | F63: =IF(OR($C$118=0,B63=""),"",B63/$C$118)
A64: =IF(Május!A64="","",Május!A64) | E64: =IF(D64=0,"",D64-B64) | F64: =IF(OR($C$118=0,B64=""),"",B64/$C$118)
A65: =IF(Május!A65="","",Május!A65) | E65: =IF(D65=0,"",D65-B65) | F65: =IF(OR($C$118=0,B65=""),"",B65/$C$118)
A66: ∑ Közlekedés | C66: =SUM(B54:B65) -> 0 | D66: =SUM(D54:D65) -> 0 | E66: =IF(D66=0,"",D66-C66) | F66: =IF(OR($C$118=0,C66=""),"",C66/$C$118)
A67: Gyerekek
A68: =IF(Május!A68="","",Május!A68) -> Gyerek ruha, cipő | E68: =IF(D68=0,"",D68-B68) | F68: =IF(OR($C$118=0,B68=""),"",B68/$C$118)
A69: =IF(Május!A69="","",Május!A69) -> Gyerek étkeztetés (menza) | E69: =IF(D69=0,"",D69-B69) | F69: =IF(OR($C$118=0,B69=""),"",B69/$C$118)
A70: =IF(Május!A70="","",Május!A70) -> Bölcsőde, óvoda, iskola díjai | E70: =IF(D70=0,"",D70-B70) | F70: =IF(OR($C$118=0,B70=""),"",B70/$C$118)
A71: =IF(Május!A71="","",Május!A71) -> Tankönyv, tanszer | E71: =IF(D71=0,"",D71-B71) | F71: =IF(OR($C$118=0,B71=""),"",B71/$C$118)
A72: =IF(Május!A72="","",Május!A72) -> Különórák, edzések | E72: =IF(D72=0,"",D72-B72) | F72: =IF(OR($C$118=0,B72=""),"",B72/$C$118)
A73: =IF(Május!A73="","",Május!A73) -> Magánóra, korrepetálás | E73: =IF(D73=0,"",D73-B73) | F73: =IF(OR($C$118=0,B73=""),"",B73/$C$118)
A74: =IF(Május!A74="","",Május!A74) -> Zsebpénz | E74: =IF(D74=0,"",D74-B74) | F74: =IF(OR($C$118=0,B74=""),"",B74/$C$118)
A75: =IF(Május!A75="","",Május!A75) -> Játékok, szórakozás | E75: =IF(D75=0,"",D75-B75) | F75: =IF(OR($C$118=0,B75=""),"",B75/$C$118)
A76: =IF(Május!A76="","",Május!A76) | E76: =IF(D76=0,"",D76-B76) | F76: =IF(OR($C$118=0,B76=""),"",B76/$C$118)
A77: =IF(Május!A77="","",Május!A77) | E77: =IF(D77=0,"",D77-B77) | F77: =IF(OR($C$118=0,B77=""),"",B77/$C$118)
A78: =IF(Május!A78="","",Május!A78) | E78: =IF(D78=0,"",D78-B78) | F78: =IF(OR($C$118=0,B78=""),"",B78/$C$118)
A79: ∑ Gyerekek | C79: =SUM(B68:B78) -> 0 | D79: =SUM(D68:D78) -> 0 | E79: =IF(D79=0,"",D79-C79) | F79: =IF(OR($C$118=0,C79=""),"",C79/$C$118)
A80: Ruházkodás
A81: =IF(Május!A81="","",Május!A81) -> Ruha | E81: =IF(D81=0,"",D81-B81) | F81: =IF(OR($C$118=0,B81=""),"",B81/$C$118)
A82: =IF(Május!A82="","",Május!A82) -> Cipő | E82: =IF(D82=0,"",D82-B82) | F82: =IF(OR($C$118=0,B82=""),"",B82/$C$118)
A83: =IF(Május!A83="","",Május!A83) -> Kiegészítők (táska, ékszer, óra) | E83: =IF(D83=0,"",D83-B83) | F83: =IF(OR($C$118=0,B83=""),"",B83/$C$118)
A84: =IF(Május!A84="","",Május!A84) | E84: =IF(D84=0,"",D84-B84) | F84: =IF(OR($C$118=0,B84=""),"",B84/$C$118)
A85: ∑ Ruházkodás | C85: =SUM(B81:B84) -> 0 | D85: =SUM(D81:D84) -> 0 | E85: =IF(D85=0,"",D85-C85) | F85: =IF(OR($C$118=0,C85=""),"",C85/$C$118)
A86: Szépségápolás és egészség
A87: =IF(Május!A87="","",Május!A87) -> Fodrász, borbély | E87: =IF(D87=0,"",D87-B87) | F87: =IF(OR($C$118=0,B87=""),"",B87/$C$118)
A88: =IF(Május!A88="","",Május!A88) -> Kozmetikus, manikűr, pedikűr | E88: =IF(D88=0,"",D88-B88) | F88: =IF(OR($C$118=0,B88=""),"",B88/$C$118)
A89: =IF(Május!A89="","",Május!A89) -> Kozmetikumok, parfüm | E89: =IF(D89=0,"",D89-B89) | F89: =IF(OR($C$118=0,B89=""),"",B89/$C$118)
A90: =IF(Május!A90="","",Május!A90) -> Edzés, sport, bérlet | E90: =IF(D90=0,"",D90-B90) | F90: =IF(OR($C$118=0,B90=""),"",B90/$C$118)
A91: =IF(Május!A91="","",Május!A91) -> Gyógyszer, vitamin | E91: =IF(D91=0,"",D91-B91) | F91: =IF(OR($C$118=0,B91=""),"",B91/$C$118)
A92: =IF(Május!A92="","",Május!A92) -> Orvos, fogorvos, magánrendelés | E92: =IF(D92=0,"",D92-B92) | F92: =IF(OR($C$118=0,B92=""),"",B92/$C$118)
A93: =IF(Május!A93="","",Május!A93) | E93: =IF(D93=0,"",D93-B93) | F93: =IF(OR($C$118=0,B93=""),"",B93/$C$118)
A94: ∑ Szépségápolás és egészség | C94: =SUM(B87:B93) -> 0 | D94: =SUM(D87:D93) -> 0 | E94: =IF(D94=0,"",D94-C94) | F94: =IF(OR($C$118=0,C94=""),"",C94/$C$118)
A95: Dohányzás
A96: =IF(Május!A96="","",Május!A96) -> Cigaretta, dohány | E96: =IF(D96=0,"",D96-B96) | F96: =IF(OR($C$118=0,B96=""),"",B96/$C$118)
A97: =IF(Május!A97="","",Május!A97) -> E-cigaretta, hevített dohánytermék | E97: =IF(D97=0,"",D97-B97) | F97: =IF(OR($C$118=0,B97=""),"",B97/$C$118)
A98: =IF(Május!A98="","",Május!A98) | E98: =IF(D98=0,"",D98-B98) | F98: =IF(OR($C$118=0,B98=""),"",B98/$C$118)
A99: ∑ Dohányzás | C99: =SUM(B96:B98) -> 0 | D99: =SUM(D96:D98) -> 0 | E99: =IF(D99=0,"",D99-C99) | F99: =IF(OR($C$118=0,C99=""),"",C99/$C$118)
A100: Háziállat
...

Sheet Július
A1: =" 💰 HAVI KÖLTSÉGVETÉS — "&UPPER("Július")&" "&'📊 Éves Összesítő'!$B$2 -> 💰 HAVI KÖLTSÉGVETÉS — JÚLIUS 2026
A2: Kategória / Megnevezés | B2: Összeg (Ft) | C2: Összesítő (Ft) | D2: Tervezett (Ft) | E2: Eltérés a tervtől (− = rossz) | F2: Arány
A3: 💚 BEVÉTELEK
A4: Munkából származó bevétel
A5: =IF(Június!A5="","",Június!A5) -> Munkabér 1 (pl. saját) | E5: =IF(D5=0,"",B5-D5) | F5: =IF(OR($C$16=0,B5=""),"",B5/$C$16)
A6: =IF(Június!A6="","",Június!A6) -> Munkabér 2 (pl. partner) | E6: =IF(D6=0,"",B6-D6) | F6: =IF(OR($C$16=0,B6=""),"",B6/$C$16)
A7: =IF(Június!A7="","",Június!A7) -> Vállalkozói bevétel | E7: =IF(D7=0,"",B7-D7) | F7: =IF(OR($C$16=0,B7=""),"",B7/$C$16)
A8: =IF(Június!A8="","",Június!A8) | E8: =IF(D8=0,"",B8-D8) | F8: =IF(OR($C$16=0,B8=""),"",B8/$C$16)
A9: ∑ Munkából származó bevétel | C9: =SUM(B5:B8) -> 0 | D9: =SUM(D5:D8) -> 0 | E9: =IF(D9=0,"",C9-D9) | F9: =IF(OR($C$16=0,C9=""),"",C9/$C$16)
A10: Egyéb bevétel
A11: =IF(Június!A11="","",Június!A11) -> CSED / GYED / GYES | E11: =IF(D11=0,"",B11-D11) | F11: =IF(OR($C$16=0,B11=""),"",B11/$C$16)
A12: =IF(Június!A12="","",Június!A12) -> Családi pótlék | E12: =IF(D12=0,"",B12-D12) | F12: =IF(OR($C$16=0,B12=""),"",B12/$C$16)
A13: =IF(Június!A13="","",Június!A13) -> Egyéb (lakáskiadás, bónusz stb.) | E13: =IF(D13=0,"",B13-D13) | F13: =IF(OR($C$16=0,B13=""),"",B13/$C$16)
A14: =IF(Június!A14="","",Június!A14) | E14: =IF(D14=0,"",B14-D14) | F14: =IF(OR($C$16=0,B14=""),"",B14/$C$16)
A15: ∑ Egyéb bevétel | C15: =SUM(B11:B14) -> 0 | D15: =SUM(D11:D14) -> 0 | E15: =IF(D15=0,"",C15-D15) | F15: =IF(OR($C$16=0,C15=""),"",C15/$C$16)
A16: ÖSSZESEN: 💚 BEVÉTELEK | C16: =C9+C15 -> 0 | D16: =D9+D15 -> 0 | E16: =IF(D16=0,"",C16-D16) | F16: =IF($C$16=0,"",1)
A17: 💎 MEGTAKARÍTÁSOK
A18: =IF(Június!A18="","",Június!A18) -> Vésztartalék | E18: =IF(D18=0,"",B18-D18) | F18: =IF(OR($C$28=0,B18=""),"",B18/$C$28)
A19: =IF(Június!A19="","",Június!A19) -> Lakástakarékpénztár | E19: =IF(D19=0,"",B19-D19) | F19: =IF(OR($C$28=0,B19=""),"",B19/$C$28)
A20: =IF(Június!A20="","",Június!A20) -> Általános cél | E20: =IF(D20=0,"",B20-D20) | F20: =IF(OR($C$28=0,B20=""),"",B20/$C$28)
A21: =IF(Június!A21="","",Június!A21) -> Hosszú távú (min. 10 éves, általános célú) | E21: =IF(D21=0,"",B21-D21) | F21: =IF(OR($C$28=0,B21=""),"",B21/$C$28)
A22: =IF(Június!A22="","",Június!A22) -> Hosszú távú (min. 10 éves, lakás célú) | E22: =IF(D22=0,"",B22-D22) | F22: =IF(OR($C$28=0,B22=""),"",B22/$C$28)
A23: =IF(Június!A23="","",Június!A23) -> Hosszú távú (min. 10 éves, gyermek jövője célú) | E23: =IF(D23=0,"",B23-D23) | F23: =IF(OR($C$28=0,B23=""),"",B23/$C$28)
A24: =IF(Június!A24="","",Június!A24) -> Hosszú távú (min. 15 éves, nyugdíj célú) | E24: =IF(D24=0,"",B24-D24) | F24: =IF(OR($C$28=0,B24=""),"",B24/$C$28)
A25: =IF(Június!A25="","",Június!A25) -> Nyugdíjbiztosítás | E25: =IF(D25=0,"",B25-D25) | F25: =IF(OR($C$28=0,B25=""),"",B25/$C$28)
A26: =IF(Június!A26="","",Június!A26) | E26: =IF(D26=0,"",B26-D26) | F26: =IF(OR($C$28=0,B26=""),"",B26/$C$28)
A27: =IF(Június!A27="","",Június!A27) | E27: =IF(D27=0,"",B27-D27) | F27: =IF(OR($C$28=0,B27=""),"",B27/$C$28)
A28: ÖSSZESEN: 💎 MEGTAKARÍTÁSOK | C28: =SUM(B18:B27) -> 0 | D28: =SUM(D18:D27) -> 0 | E28: =IF(D28=0,"",C28-D28) | F28: =IF($C$16=0,"",C28/$C$16)
A29: ❤️ KIADÁSOK
A30: Lakhatás
A31: =IF(Június!A31="","",Június!A31) -> Albérleti díj / lakáshitel | E31: =IF(D31=0,"",D31-B31) | F31: =IF(OR($C$118=0,B31=""),"",B31/$C$118)
A32: =IF(Június!A32="","",Június!A32) -> Rezsi (közművek, közös költség) | E32: =IF(D32=0,"",D32-B32) | F32: =IF(OR($C$118=0,B32=""),"",B32/$C$118)
A33: =IF(Június!A33="","",Június!A33) -> Telefon, internet, digitális előfizetések | E33: =IF(D33=0,"",D33-B33) | F33: =IF(OR($C$118=0,B33=""),"",B33/$C$118)
A34: =IF(Június!A34="","",Június!A34) | E34: =IF(D34=0,"",D34-B34) | F34: =IF(OR($C$118=0,B34=""),"",B34/$C$118)
A35: ∑ Lakhatás | C35: =SUM(B31:B34) -> 0 | D35: =SUM(D31:D34) -> 0 | E35: =IF(D35=0,"",D35-C35) | F35: =IF(OR($C$118=0,C35=""),"",C35/$C$118)
A36: Étkezés, bevásárlás
A37: =IF(Június!A37="","",Június!A37) -> Nagybevásárlások | E37: =IF(D37=0,"",D37-B37) | F37: =IF(OR($C$118=0,B37=""),"",B37/$C$118)
A38: =IF(Június!A38="","",Június!A38) -> Drogéria | E38: =IF(D38=0,"",D38-B38) | F38: =IF(OR($C$118=0,B38=""),"",B38/$C$118)
A39: =IF(Június!A39="","",Június!A39) -> Ételrendelés | E39: =IF(D39=0,"",D39-B39) | F39: =IF(OR($C$118=0,B39=""),"",B39/$C$118)
A40: =IF(Június!A40="","",Június!A40) -> Egyéb élelmiszer, bevásárlás | E40: =IF(D40=0,"",D40-B40) | F40: =IF(OR($C$118=0,B40=""),"",B40/$C$118)
A41: =IF(Június!A41="","",Június!A41) | E41: =IF(D41=0,"",D41-B41) | F41: =IF(OR($C$118=0,B41=""),"",B41/$C$118)
A42: ∑ Étkezés, bevásárlás | C42: =SUM(B37:B41) -> 0 | D42: =SUM(D37:D41) -> 0 | E42: =IF(D42=0,"",D42-C42) | F42: =IF(OR($C$118=0,C42=""),"",C42/$C$118)
A43: Pénzügyek (biztosítások, szerződések és hitelek)
A44: =IF(Június!A44="","",Június!A44) -> Lakásbiztosítás | E44: =IF(D44=0,"",D44-B44) | F44: =IF(OR($C$118=0,B44=""),"",B44/$C$118)
A45: =IF(Június!A45="","",Június!A45) -> Életbiztosítás | E45: =IF(D45=0,"",D45-B45) | F45: =IF(OR($C$118=0,B45=""),"",B45/$C$118)
A46: =IF(Június!A46="","",Június!A46) -> Baleset- és betegségbiztosítás | E46: =IF(D46=0,"",D46-B46) | F46: =IF(OR($C$118=0,B46=""),"",B46/$C$118)
A47: =IF(Június!A47="","",Június!A47) -> Egészségbiztosítás | E47: =IF(D47=0,"",D47-B47) | F47: =IF(OR($C$118=0,B47=""),"",B47/$C$118)
A48: =IF(Június!A48="","",Június!A48) -> Hiteltörlesztés | E48: =IF(D48=0,"",D48-B48) | F48: =IF(OR($C$118=0,B48=""),"",B48/$C$118)
A49: =IF(Június!A49="","",Június!A49) -> Egyéb szerződés | E49: =IF(D49=0,"",D49-B49) | F49: =IF(OR($C$118=0,B49=""),"",B49/$C$118)
A50: =IF(Június!A50="","",Június!A50) | E50: =IF(D50=0,"",D50-B50) | F50: =IF(OR($C$118=0,B50=""),"",B50/$C$118)
A51: =IF(Június!A51="","",Június!A51) | E51: =IF(D51=0,"",D51-B51) | F51: =IF(OR($C$118=0,B51=""),"",B51/$C$118)
A52: ∑ Pénzügyek (biztosítások, szerződések és hitelek) | C52: =SUM(B44:B51) -> 0 | D52: =SUM(D44:D51) -> 0 | E52: =IF(D52=0,"",D52-C52) | F52: =IF(OR($C$118=0,C52=""),"",C52/$C$118)
A53: Közlekedés
A54: =IF(Június!A54="","",Június!A54) -> Üzemanyag, elektromos töltés | E54: =IF(D54=0,"",D54-B54) | F54: =IF(OR($C$118=0,B54=""),"",B54/$C$118)
A55: =IF(Június!A55="","",Június!A55) -> Parkolás, útdíj, autópálya-matrica | E55: =IF(D55=0,"",D55-B55) | F55: =IF(OR($C$118=0,B55=""),"",B55/$C$118)
A56: =IF(Június!A56="","",Június!A56) -> Szerviz, karbantartás, gumicsere | E56: =IF(D56=0,"",D56-B56) | F56: =IF(OR($C$118=0,B56=""),"",B56/$C$118)
A57: =IF(Június!A57="","",Június!A57) -> KGFB (kötelező biztosítás) | E57: =IF(D57=0,"",D57-B57) | F57: =IF(OR($C$118=0,B57=""),"",B57/$C$118)
A58: =IF(Június!A58="","",Június!A58) -> CASCO | E58: =IF(D58=0,"",D58-B58) | F58: =IF(OR($C$118=0,B58=""),"",B58/$C$118)
A59: =IF(Június!A59="","",Június!A59) -> Gépjárműadó | E59: =IF(D59=0,"",D59-B59) | F59: =IF(OR($C$118=0,B59=""),"",B59/$C$118)
A60: =IF(Június!A60="","",Június!A60) -> Autóhitel, lízing részlet | E60: =IF(D60=0,"",D60-B60) | F60: =IF(OR($C$118=0,B60=""),"",B60/$C$118)
A61: =IF(Június!A61="","",Június!A61) -> Autómosás, egyéb autós költség | E61: =IF(D61=0,"",D61-B61) | F61: =IF(OR($C$118=0,B61=""),"",B61/$C$118)
A62: =IF(Június!A62="","",Június!A62) -> Tömegközlekedés, bérlet | E62: =IF(D62=0,"",D62-B62) | F62: =IF(OR($C$118=0,B62=""),"",B62/$C$118)
A63: =IF(Június!A63="","",Június!A63) -> Taxi, roller, bicikli, közösségi közlekedés | E63: =IF(D63=0,"",D63-B63) | F63: =IF(OR($C$118=0,B63=""),"",B63/$C$118)
A64: =IF(Június!A64="","",Június!A64) | E64: =IF(D64=0,"",D64-B64) | F64: =IF(OR($C$118=0,B64=""),"",B64/$C$118)
A65: =IF(Június!A65="","",Június!A65) | E65: =IF(D65=0,"",D65-B65) | F65: =IF(OR($C$118=0,B65=""),"",B65/$C$118)
A66: ∑ Közlekedés | C66: =SUM(B54:B65) -> 0 | D66: =SUM(D54:D65) -> 0 | E66: =IF(D66=0,"",D66-C66) | F66: =IF(OR($C$118=0,C66=""),"",C66/$C$118)
A67: Gyerekek
A68: =IF(Június!A68="","",Június!A68) -> Gyerek ruha, cipő | E68: =IF(D68=0,"",D68-B68) | F68: =IF(OR($C$118=0,B68=""),"",B68/$C$118)
A69: =IF(Június!A69="","",Június!A69) -> Gyerek étkeztetés (menza) | E69: =IF(D69=0,"",D69-B69) | F69: =IF(OR($C$118=0,B69=""),"",B69/$C$118)
A70: =IF(Június!A70="","",Június!A70) -> Bölcsőde, óvoda, iskola díjai | E70: =IF(D70=0,"",D70-B70) | F70: =IF(OR($C$118=0,B70=""),"",B70/$C$118)
A71: =IF(Június!A71="","",Június!A71) -> Tankönyv, tanszer | E71: =IF(D71=0,"",D71-B71) | F71: =IF(OR($C$118=0,B71=""),"",B71/$C$118)
A72: =IF(Június!A72="","",Június!A72) -> Különórák, edzések | E72: =IF(D72=0,"",D72-B72) | F72: =IF(OR($C$118=0,B72=""),"",B72/$C$118)
A73: =IF(Június!A73="","",Június!A73) -> Magánóra, korrepetálás | E73: =IF(D73=0,"",D73-B73) | F73: =IF(OR($C$118=0,B73=""),"",B73/$C$118)
A74: =IF(Június!A74="","",Június!A74) -> Zsebpénz | E74: =IF(D74=0,"",D74-B74) | F74: =IF(OR($C$118=0,B74=""),"",B74/$C$118)
A75: =IF(Június!A75="","",Június!A75) -> Játékok, szórakozás | E75: =IF(D75=0,"",D75-B75) | F75: =IF(OR($C$118=0,B75=""),"",B75/$C$118)
A76: =IF(Június!A76="","",Június!A76) | E76: =IF(D76=0,"",D76-B76) | F76: =IF(OR($C$118=0,B76=""),"",B76/$C$118)
A77: =IF(Június!A77="","",Június!A77) | E77: =IF(D77=0,"",D77-B77) | F77: =IF(OR($C$118=0,B77=""),"",B77/$C$118)
A78: =IF(Június!A78="","",Június!A78) | E78: =IF(D78=0,"",D78-B78) | F78: =IF(OR($C$118=0,B78=""),"",B78/$C$118)
A79: ∑ Gyerekek | C79: =SUM(B68:B78) -> 0 | D79: =SUM(D68:D78) -> 0 | E79: =IF(D79=0,"",D79-C79) | F79: =IF(OR($C$118=0,C79=""),"",C79/$C$118)
A80: Ruházkodás
A81: =IF(Június!A81="","",Június!A81) -> Ruha | E81: =IF(D81=0,"",D81-B81) | F81: =IF(OR($C$118=0,B81=""),"",B81/$C$118)
A82: =IF(Június!A82="","",Június!A82) -> Cipő | E82: =IF(D82=0,"",D82-B82) | F82: =IF(OR($C$118=0,B82=""),"",B82/$C$118)
A83: =IF(Június!A83="","",Június!A83) -> Kiegészítők (táska, ékszer, óra) | E83: =IF(D83=0,"",D83-B83) | F83: =IF(OR($C$118=0,B83=""),"",B83/$C$118)
A84: =IF(Június!A84="","",Június!A84) | E84: =IF(D84=0,"",D84-B84) | F84: =IF(OR($C$118=0,B84=""),"",B84/$C$118)
A85: ∑ Ruházkodás | C85: =SUM(B81:B84) -> 0 | D85: =SUM(D81:D84) -> 0 | E85: =IF(D85=0,"",D85-C85) | F85: =IF(OR($C$118=0,C85=""),"",C85/$C$118)
A86: Szépségápolás és egészség
A87: =IF(Június!A87="","",Június!A87) -> Fodrász, borbély | E87: =IF(D87=0,"",D87-B87) | F87: =IF(OR($C$118=0,B87=""),"",B87/$C$118)
A88: =IF(Június!A88="","",Június!A88) -> Kozmetikus, manikűr, pedikűr | E88: =IF(D88=0,"",D88-B88) | F88: =IF(OR($C$118=0,B88=""),"",B88/$C$118)
A89: =IF(Június!A89="","",Június!A89) -> Kozmetikumok, parfüm | E89: =IF(D89=0,"",D89-B89) | F89: =IF(OR($C$118=0,B89=""),"",B89/$C$118)
A90: =IF(Június!A90="","",Június!A90) -> Edzés, sport, bérlet | E90: =IF(D90=0,"",D90-B90) | F90: =IF(OR($C$118=0,B90=""),"",B90/$C$118)
A91: =IF(Június!A91="","",Június!A91) -> Gyógyszer, vitamin | E91: =IF(D91=0,"",D91-B91) | F91: =IF(OR($C$118=0,B91=""),"",B91/$C$118)
A92: =IF(Június!A92="","",Június!A92) -> Orvos, fogorvos, magánrendelés | E92: =IF(D92=0,"",D92-B92) | F92: =IF(OR($C$118=0,B92=""),"",B92/$C$118)
A93: =IF(Június!A93="","",Június!A93) | E93: =IF(D93=0,"",D93-B93) | F93: =IF(OR($C$118=0,B93=""),"",B93/$C$118)
A94: ∑ Szépségápolás és egészség | C94: =SUM(B87:B93) -> 0 | D94: =SUM(D87:D93) -> 0 | E94: =IF(D94=0,"",D94-C94) | F94: =IF(OR($C$118=0,C94=""),"",C94/$C$118)
A95: Dohányzás
A96: =IF(Június!A96="","",Június!A96) -> Cigaretta, dohány | E96: =IF(D96=0,"",D96-B96) | F96: =IF(OR($C$118=0,B96=""),"",B96/$C$118)
A97: =IF(Június!A97="","",Június!A97) -> E-cigaretta, hevített dohánytermék | E97: =IF(D97=0,"",D97-B97) | F97: =IF(OR($C$118=0,B97=""),"",B97/$C$118)
A98: =IF(Június!A98="","",Június!A98) | E98: =IF(D98=0,"",D98-B98) | F98: =IF(OR($C$118=0,B98=""),"",B98/$C$118)
A99: ∑ Dohányzás | C99: =SUM(B96:B98) -> 0 | D99: =SUM(D96:D98) -> 0 | E99: =IF(D99=0,"",D99-C99) | F99: =IF(OR($C$118=0,C99=""),"",C99/$C$118)
A100: Háziállat
...

Sheet Augusztus
A1: =" 💰 HAVI KÖLTSÉGVETÉS — "&UPPER("Augusztus")&" "&'📊 Éves Összesítő'!$B$2 -> 💰 HAVI KÖLTSÉGVETÉS — AUGUSZTUS 2026
A2: Kategória / Megnevezés | B2: Összeg (Ft) | C2: Összesítő (Ft) | D2: Tervezett (Ft) | E2: Eltérés a tervtől (− = rossz) | F2: Arány
A3: 💚 BEVÉTELEK
A4: Munkából származó bevétel
A5: =IF(Július!A5="","",Július!A5) -> Munkabér 1 (pl. saját) | E5: =IF(D5=0,"",B5-D5) | F5: =IF(OR($C$16=0,B5=""),"",B5/$C$16)
A6: =IF(Július!A6="","",Július!A6) -> Munkabér 2 (pl. partner) | E6: =IF(D6=0,"",B6-D6) | F6: =IF(OR($C$16=0,B6=""),"",B6/$C$16)
A7: =IF(Július!A7="","",Július!A7) -> Vállalkozói bevétel | E7: =IF(D7=0,"",B7-D7) | F7: =IF(OR($C$16=0,B7=""),"",B7/$C$16)
A8: =IF(Július!A8="","",Július!A8) | E8: =IF(D8=0,"",B8-D8) | F8: =IF(OR($C$16=0,B8=""),"",B8/$C$16)
A9: ∑ Munkából származó bevétel | C9: =SUM(B5:B8) -> 0 | D9: =SUM(D5:D8) -> 0 | E9: =IF(D9=0,"",C9-D9) | F9: =IF(OR($C$16=0,C9=""),"",C9/$C$16)
A10: Egyéb bevétel
A11: =IF(Július!A11="","",Július!A11) -> CSED / GYED / GYES | E11: =IF(D11=0,"",B11-D11) | F11: =IF(OR($C$16=0,B11=""),"",B11/$C$16)
A12: =IF(Július!A12="","",Július!A12) -> Családi pótlék | E12: =IF(D12=0,"",B12-D12) | F12: =IF(OR($C$16=0,B12=""),"",B12/$C$16)
A13: =IF(Július!A13="","",Július!A13) -> Egyéb (lakáskiadás, bónusz stb.) | E13: =IF(D13=0,"",B13-D13) | F13: =IF(OR($C$16=0,B13=""),"",B13/$C$16)
A14: =IF(Július!A14="","",Július!A14) | E14: =IF(D14=0,"",B14-D14) | F14: =IF(OR($C$16=0,B14=""),"",B14/$C$16)
A15: ∑ Egyéb bevétel | C15: =SUM(B11:B14) -> 0 | D15: =SUM(D11:D14) -> 0 | E15: =IF(D15=0,"",C15-D15) | F15: =IF(OR($C$16=0,C15=""),"",C15/$C$16)
A16: ÖSSZESEN: 💚 BEVÉTELEK | C16: =C9+C15 -> 0 | D16: =D9+D15 -> 0 | E16: =IF(D16=0,"",C16-D16) | F16: =IF($C$16=0,"",1)
A17: 💎 MEGTAKARÍTÁSOK
A18: =IF(Július!A18="","",Július!A18) -> Vésztartalék | E18: =IF(D18=0,"",B18-D18) | F18: =IF(OR($C$28=0,B18=""),"",B18/$C$28)
A19: =IF(Július!A19="","",Július!A19) -> Lakástakarékpénztár | E19: =IF(D19=0,"",B19-D19) | F19: =IF(OR($C$28=0,B19=""),"",B19/$C$28)
A20: =IF(Július!A20="","",Július!A20) -> Általános cél | E20: =IF(D20=0,"",B20-D20) | F20: =IF(OR($C$28=0,B20=""),"",B20/$C$28)
A21: =IF(Július!A21="","",Július!A21) -> Hosszú távú (min. 10 éves, általános célú) | E21: =IF(D21=0,"",B21-D21) | F21: =IF(OR($C$28=0,B21=""),"",B21/$C$28)
A22: =IF(Július!A22="","",Július!A22) -> Hosszú távú (min. 10 éves, lakás célú) | E22: =IF(D22=0,"",B22-D22) | F22: =IF(OR($C$28=0,B22=""),"",B22/$C$28)
A23: =IF(Július!A23="","",Július!A23) -> Hosszú távú (min. 10 éves, gyermek jövője célú) | E23: =IF(D23=0,"",B23-D23) | F23: =IF(OR($C$28=0,B23=""),"",B23/$C$28)
A24: =IF(Július!A24="","",Július!A24) -> Hosszú távú (min. 15 éves, nyugdíj célú) | E24: =IF(D24=0,"",B24-D24) | F24: =IF(OR($C$28=0,B24=""),"",B24/$C$28)
A25: =IF(Július!A25="","",Július!A25) -> Nyugdíjbiztosítás | E25: =IF(D25=0,"",B25-D25) | F25: =IF(OR($C$28=0,B25=""),"",B25/$C$28)
A26: =IF(Július!A26="","",Július!A26) | E26: =IF(D26=0,"",B26-D26) | F26: =IF(OR($C$28=0,B26=""),"",B26/$C$28)
A27: =IF(Július!A27="","",Július!A27) | E27: =IF(D27=0,"",B27-D27) | F27: =IF(OR($C$28=0,B27=""),"",B27/$C$28)
A28: ÖSSZESEN: 💎 MEGTAKARÍTÁSOK | C28: =SUM(B18:B27) -> 0 | D28: =SUM(D18:D27) -> 0 | E28: =IF(D28=0,"",C28-D28) | F28: =IF($C$16=0,"",C28/$C$16)
A29: ❤️ KIADÁSOK
A30: Lakhatás
A31: =IF(Július!A31="","",Július!A31) -> Albérleti díj / lakáshitel | E31: =IF(D31=0,"",D31-B31) | F31: =IF(OR($C$118=0,B31=""),"",B31/$C$118)
A32: =IF(Július!A32="","",Július!A32) -> Rezsi (közművek, közös költség) | E32: =IF(D32=0,"",D32-B32) | F32: =IF(OR($C$118=0,B32=""),"",B32/$C$118)
A33: =IF(Július!A33="","",Július!A33) -> Telefon, internet, digitális előfizetések | E33: =IF(D33=0,"",D33-B33) | F33: =IF(OR($C$118=0,B33=""),"",B33/$C$118)
A34: =IF(Július!A34="","",Július!A34) | E34: =IF(D34=0,"",D34-B34) | F34: =IF(OR($C$118=0,B34=""),"",B34/$C$118)
A35: ∑ Lakhatás | C35: =SUM(B31:B34) -> 0 | D35: =SUM(D31:D34) -> 0 | E35: =IF(D35=0,"",D35-C35) | F35: =IF(OR($C$118=0,C35=""),"",C35/$C$118)
A36: Étkezés, bevásárlás
A37: =IF(Július!A37="","",Július!A37) -> Nagybevásárlások | E37: =IF(D37=0,"",D37-B37) | F37: =IF(OR($C$118=0,B37=""),"",B37/$C$118)
A38: =IF(Július!A38="","",Július!A38) -> Drogéria | E38: =IF(D38=0,"",D38-B38) | F38: =IF(OR($C$118=0,B38=""),"",B38/$C$118)
A39: =IF(Július!A39="","",Július!A39) -> Ételrendelés | E39: =IF(D39=0,"",D39-B39) | F39: =IF(OR($C$118=0,B39=""),"",B39/$C$118)
A40: =IF(Július!A40="","",Július!A40) -> Egyéb élelmiszer, bevásárlás | E40: =IF(D40=0,"",D40-B40) | F40: =IF(OR($C$118=0,B40=""),"",B40/$C$118)
A41: =IF(Július!A41="","",Július!A41) | E41: =IF(D41=0,"",D41-B41) | F41: =IF(OR($C$118=0,B41=""),"",B41/$C$118)
A42: ∑ Étkezés, bevásárlás | C42: =SUM(B37:B41) -> 0 | D42: =SUM(D37:D41) -> 0 | E42: =IF(D42=0,"",D42-C42) | F42: =IF(OR($C$118=0,C42=""),"",C42/$C$118)
A43: Pénzügyek (biztosítások, szerződések és hitelek)
A44: =IF(Július!A44="","",Július!A44) -> Lakásbiztosítás | E44: =IF(D44=0,"",D44-B44) | F44: =IF(OR($C$118=0,B44=""),"",B44/$C$118)
A45: =IF(Július!A45="","",Július!A45) -> Életbiztosítás | E45: =IF(D45=0,"",D45-B45) | F45: =IF(OR($C$118=0,B45=""),"",B45/$C$118)
A46: =IF(Július!A46="","",Július!A46) -> Baleset- és betegségbiztosítás | E46: =IF(D46=0,"",D46-B46) | F46: =IF(OR($C$118=0,B46=""),"",B46/$C$118)
A47: =IF(Július!A47="","",Július!A47) -> Egészségbiztosítás | E47: =IF(D47=0,"",D47-B47) | F47: =IF(OR($C$118=0,B47=""),"",B47/$C$118)
A48: =IF(Július!A48="","",Július!A48) -> Hiteltörlesztés | E48: =IF(D48=0,"",D48-B48) | F48: =IF(OR($C$118=0,B48=""),"",B48/$C$118)
A49: =IF(Július!A49="","",Július!A49) -> Egyéb szerződés | E49: =IF(D49=0,"",D49-B49) | F49: =IF(OR($C$118=0,B49=""),"",B49/$C$118)
A50: =IF(Július!A50="","",Július!A50) | E50: =IF(D50=0,"",D50-B50) | F50: =IF(OR($C$118=0,B50=""),"",B50/$C$118)
A51: =IF(Július!A51="","",Július!A51) | E51: =IF(D51=0,"",D51-B51) | F51: =IF(OR($C$118=0,B51=""),"",B51/$C$118)
A52: ∑ Pénzügyek (biztosítások, szerződések és hitelek) | C52: =SUM(B44:B51) -> 0 | D52: =SUM(D44:D51) -> 0 | E52: =IF(D52=0,"",D52-C52) | F52: =IF(OR($C$118=0,C52=""),"",C52/$C$118)
A53: Közlekedés
A54: =IF(Július!A54="","",Július!A54) -> Üzemanyag, elektromos töltés | E54: =IF(D54=0,"",D54-B54) | F54: =IF(OR($C$118=0,B54=""),"",B54/$C$118)
A55: =IF(Július!A55="","",Július!A55) -> Parkolás, útdíj, autópálya-matrica | E55: =IF(D55=0,"",D55-B55) | F55: =IF(OR($C$118=0,B55=""),"",B55/$C$118)
A56: =IF(Július!A56="","",Július!A56) -> Szerviz, karbantartás, gumicsere | E56: =IF(D56=0,"",D56-B56) | F56: =IF(OR($C$118=0,B56=""),"",B56/$C$118)
A57: =IF(Július!A57="","",Július!A57) -> KGFB (kötelező biztosítás) | E57: =IF(D57=0,"",D57-B57) | F57: =IF(OR($C$118=0,B57=""),"",B57/$C$118)
A58: =IF(Július!A58="","",Július!A58) -> CASCO | E58: =IF(D58=0,"",D58-B58) | F58: =IF(OR($C$118=0,B58=""),"",B58/$C$118)
A59: =IF(Július!A59="","",Július!A59) -> Gépjárműadó | E59: =IF(D59=0,"",D59-B59) | F59: =IF(OR($C$118=0,B59=""),"",B59/$C$118)
A60: =IF(Július!A60="","",Július!A60) -> Autóhitel, lízing részlet | E60: =IF(D60=0,"",D60-B60) | F60: =IF(OR($C$118=0,B60=""),"",B60/$C$118)
A61: =IF(Július!A61="","",Július!A61) -> Autómosás, egyéb autós költség | E61: =IF(D61=0,"",D61-B61) | F61: =IF(OR($C$118=0,B61=""),"",B61/$C$118)
A62: =IF(Július!A62="","",Július!A62) -> Tömegközlekedés, bérlet | E62: =IF(D62=0,"",D62-B62) | F62: =IF(OR($C$118=0,B62=""),"",B62/$C$118)
A63: =IF(Július!A63="","",Július!A63) -> Taxi, roller, bicikli, közösségi közlekedés | E63: =IF(D63=0,"",D63-B63) | F63: =IF(OR($C$118=0,B63=""),"",B63/$C$118)
A64: =IF(Július!A64="","",Július!A64) | E64: =IF(D64=0,"",D64-B64) | F64: =IF(OR($C$118=0,B64=""),"",B64/$C$118)
A65: =IF(Július!A65="","",Július!A65) | E65: =IF(D65=0,"",D65-B65) | F65: =IF(OR($C$118=0,B65=""),"",B65/$C$118)
A66: ∑ Közlekedés | C66: =SUM(B54:B65) -> 0 | D66: =SUM(D54:D65) -> 0 | E66: =IF(D66=0,"",D66-C66) | F66: =IF(OR($C$118=0,C66=""),"",C66/$C$118)
A67: Gyerekek
A68: =IF(Július!A68="","",Július!A68) -> Gyerek ruha, cipő | E68: =IF(D68=0,"",D68-B68) | F68: =IF(OR($C$118=0,B68=""),"",B68/$C$118)
A69: =IF(Július!A69="","",Július!A69) -> Gyerek étkeztetés (menza) | E69: =IF(D69=0,"",D69-B69) | F69: =IF(OR($C$118=0,B69=""),"",B69/$C$118)
A70: =IF(Július!A70="","",Július!A70) -> Bölcsőde, óvoda, iskola díjai | E70: =IF(D70=0,"",D70-B70) | F70: =IF(OR($C$118=0,B70=""),"",B70/$C$118)
A71: =IF(Július!A71="","",Július!A71) -> Tankönyv, tanszer | E71: =IF(D71=0,"",D71-B71) | F71: =IF(OR($C$118=0,B71=""),"",B71/$C$118)
A72: =IF(Július!A72="","",Július!A72) -> Különórák, edzések | E72: =IF(D72=0,"",D72-B72) | F72: =IF(OR($C$118=0,B72=""),"",B72/$C$118)
A73: =IF(Július!A73="","",Július!A73) -> Magánóra, korrepetálás | E73: =IF(D73=0,"",D73-B73) | F73: =IF(OR($C$118=0,B73=""),"",B73/$C$118)
A74: =IF(Július!A74="","",Július!A74) -> Zsebpénz | E74: =IF(D74=0,"",D74-B74) | F74: =IF(OR($C$118=0,B74=""),"",B74/$C$118)
A75: =IF(Július!A75="","",Július!A75) -> Játékok, szórakozás | E75: =IF(D75=0,"",D75-B75) | F75: =IF(OR($C$118=0,B75=""),"",B75/$C$118)
A76: =IF(Július!A76="","",Július!A76) | E76: =IF(D76=0,"",D76-B76) | F76: =IF(OR($C$118=0,B76=""),"",B76/$C$118)
A77: =IF(Július!A77="","",Július!A77) | E77: =IF(D77=0,"",D77-B77) | F77: =IF(OR($C$118=0,B77=""),"",B77/$C$118)
A78: =IF(Július!A78="","",Július!A78) | E78: =IF(D78=0,"",D78-B78) | F78: =IF(OR($C$118=0,B78=""),"",B78/$C$118)
A79: ∑ Gyerekek | C79: =SUM(B68:B78) -> 0 | D79: =SUM(D68:D78) -> 0 | E79: =IF(D79=0,"",D79-C79) | F79: =IF(OR($C$118=0,C79=""),"",C79/$C$118)
A80: Ruházkodás
A81: =IF(Július!A81="","",Július!A81) -> Ruha | E81: =IF(D81=0,"",D81-B81) | F81: =IF(OR($C$118=0,B81=""),"",B81/$C$118)
A82: =IF(Július!A82="","",Július!A82) -> Cipő | E82: =IF(D82=0,"",D82-B82) | F82: =IF(OR($C$118=0,B82=""),"",B82/$C$118)
A83: =IF(Július!A83="","",Július!A83) -> Kiegészítők (táska, ékszer, óra) | E83: =IF(D83=0,"",D83-B83) | F83: =IF(OR($C$118=0,B83=""),"",B83/$C$118)
A84: =IF(Július!A84="","",Július!A84) | E84: =IF(D84=0,"",D84-B84) | F84: =IF(OR($C$118=0,B84=""),"",B84/$C$118)
A85: ∑ Ruházkodás | C85: =SUM(B81:B84) -> 0 | D85: =SUM(D81:D84) -> 0 | E85: =IF(D85=0,"",D85-C85) | F85: =IF(OR($C$118=0,C85=""),"",C85/$C$118)
A86: Szépségápolás és egészség
A87: =IF(Július!A87="","",Július!A87) -> Fodrász, borbély | E87: =IF(D87=0,"",D87-B87) | F87: =IF(OR($C$118=0,B87=""),"",B87/$C$118)
A88: =IF(Július!A88="","",Július!A88) -> Kozmetikus, manikűr, pedikűr | E88: =IF(D88=0,"",D88-B88) | F88: =IF(OR($C$118=0,B88=""),"",B88/$C$118)
A89: =IF(Július!A89="","",Július!A89) -> Kozmetikumok, parfüm | E89: =IF(D89=0,"",D89-B89) | F89: =IF(OR($C$118=0,B89=""),"",B89/$C$118)
A90: =IF(Július!A90="","",Július!A90) -> Edzés, sport, bérlet | E90: =IF(D90=0,"",D90-B90) | F90: =IF(OR($C$118=0,B90=""),"",B90/$C$118)
A91: =IF(Július!A91="","",Július!A91) -> Gyógyszer, vitamin | E91: =IF(D91=0,"",D91-B91) | F91: =IF(OR($C$118=0,B91=""),"",B91/$C$118)
A92: =IF(Július!A92="","",Július!A92) -> Orvos, fogorvos, magánrendelés | E92: =IF(D92=0,"",D92-B92) | F92: =IF(OR($C$118=0,B92=""),"",B92/$C$118)
A93: =IF(Július!A93="","",Július!A93) | E93: =IF(D93=0,"",D93-B93) | F93: =IF(OR($C$118=0,B93=""),"",B93/$C$118)
A94: ∑ Szépségápolás és egészség | C94: =SUM(B87:B93) -> 0 | D94: =SUM(D87:D93) -> 0 | E94: =IF(D94=0,"",D94-C94) | F94: =IF(OR($C$118=0,C94=""),"",C94/$C$118)
A95: Dohányzás
A96: =IF(Július!A96="","",Július!A96) -> Cigaretta, dohány | E96: =IF(D96=0,"",D96-B96) | F96: =IF(OR($C$118=0,B96=""),"",B96/$C$118)
A97: =IF(Július!A97="","",Július!A97) -> E-cigaretta, hevített dohánytermék | E97: =IF(D97=0,"",D97-B97) | F97: =IF(OR($C$118=0,B97=""),"",B97/$C$118)
A98: =IF(Július!A98="","",Július!A98) | E98: =IF(D98=0,"",D98-B98) | F98: =IF(OR($C$118=0,B98=""),"",B98/$C$118)
A99: ∑ Dohányzás | C99: =SUM(B96:B98) -> 0 | D99: =SUM(D96:D98) -> 0 | E99: =IF(D99=0,"",D99-C99) | F99: =IF(OR($C$118=0,C99=""),"",C99/$C$118)
A100: Háziállat
...

Sheet Szeptember
A1: =" 💰 HAVI KÖLTSÉGVETÉS — "&UPPER("Szeptember")&" "&'📊 Éves Összesítő'!$B$2 -> 💰 HAVI KÖLTSÉGVETÉS — SZEPTEMBER 2026
A2: Kategória / Megnevezés | B2: Összeg (Ft) | C2: Összesítő (Ft) | D2: Tervezett (Ft) | E2: Eltérés a tervtől (− = rossz) | F2: Arány
A3: 💚 BEVÉTELEK
A4: Munkából származó bevétel
A5: =IF(Augusztus!A5="","",Augusztus!A5) -> Munkabér 1 (pl. saját) | E5: =IF(D5=0,"",B5-D5) | F5: =IF(OR($C$16=0,B5=""),"",B5/$C$16)
A6: =IF(Augusztus!A6="","",Augusztus!A6) -> Munkabér 2 (pl. partner) | E6: =IF(D6=0,"",B6-D6) | F6: =IF(OR($C$16=0,B6=""),"",B6/$C$16)
A7: =IF(Augusztus!A7="","",Augusztus!A7) -> Vállalkozói bevétel | E7: =IF(D7=0,"",B7-D7) | F7: =IF(OR($C$16=0,B7=""),"",B7/$C$16)
A8: =IF(Augusztus!A8="","",Augusztus!A8) | E8: =IF(D8=0,"",B8-D8) | F8: =IF(OR($C$16=0,B8=""),"",B8/$C$16)
A9: ∑ Munkából származó bevétel | C9: =SUM(B5:B8) -> 0 | D9: =SUM(D5:D8) -> 0 | E9: =IF(D9=0,"",C9-D9) | F9: =IF(OR($C$16=0,C9=""),"",C9/$C$16)
A10: Egyéb bevétel
A11: =IF(Augusztus!A11="","",Augusztus!A11) -> CSED / GYED / GYES | E11: =IF(D11=0,"",B11-D11) | F11: =IF(OR($C$16=0,B11=""),"",B11/$C$16)
A12: =IF(Augusztus!A12="","",Augusztus!A12) -> Családi pótlék | E12: =IF(D12=0,"",B12-D12) | F12: =IF(OR($C$16=0,B12=""),"",B12/$C$16)
A13: =IF(Augusztus!A13="","",Augusztus!A13) -> Egyéb (lakáskiadás, bónusz stb.) | E13: =IF(D13=0,"",B13-D13) | F13: =IF(OR($C$16=0,B13=""),"",B13/$C$16)
A14: =IF(Augusztus!A14="","",Augusztus!A14) | E14: =IF(D14=0,"",B14-D14) | F14: =IF(OR($C$16=0,B14=""),"",B14/$C$16)
A15: ∑ Egyéb bevétel | C15: =SUM(B11:B14) -> 0 | D15: =SUM(D11:D14) -> 0 | E15: =IF(D15=0,"",C15-D15) | F15: =IF(OR($C$16=0,C15=""),"",C15/$C$16)
A16: ÖSSZESEN: 💚 BEVÉTELEK | C16: =C9+C15 -> 0 | D16: =D9+D15 -> 0 | E16: =IF(D16=0,"",C16-D16) | F16: =IF($C$16=0,"",1)
A17: 💎 MEGTAKARÍTÁSOK
A18: =IF(Augusztus!A18="","",Augusztus!A18) -> Vésztartalék | E18: =IF(D18=0,"",B18-D18) | F18: =IF(OR($C$28=0,B18=""),"",B18/$C$28)
A19: =IF(Augusztus!A19="","",Augusztus!A19) -> Lakástakarékpénztár | E19: =IF(D19=0,"",B19-D19) | F19: =IF(OR($C$28=0,B19=""),"",B19/$C$28)
A20: =IF(Augusztus!A20="","",Augusztus!A20) -> Általános cél | E20: =IF(D20=0,"",B20-D20) | F20: =IF(OR($C$28=0,B20=""),"",B20/$C$28)
A21: =IF(Augusztus!A21="","",Augusztus!A21) -> Hosszú távú (min. 10 éves, általános célú) | E21: =IF(D21=0,"",B21-D21) | F21: =IF(OR($C$28=0,B21=""),"",B21/$C$28)
A22: =IF(Augusztus!A22="","",Augusztus!A22) -> Hosszú távú (min. 10 éves, lakás célú) | E22: =IF(D22=0,"",B22-D22) | F22: =IF(OR($C$28=0,B22=""),"",B22/$C$28)
A23: =IF(Augusztus!A23="","",Augusztus!A23) -> Hosszú távú (min. 10 éves, gyermek jövője célú) | E23: =IF(D23=0,"",B23-D23) | F23: =IF(OR($C$28=0,B23=""),"",B23/$C$28)
A24: =IF(Augusztus!A24="","",Augusztus!A24) -> Hosszú távú (min. 15 éves, nyugdíj célú) | E24: =IF(D24=0,"",B24-D24) | F24: =IF(OR($C$28=0,B24=""),"",B24/$C$28)
A25: =IF(Augusztus!A25="","",Augusztus!A25) -> Nyugdíjbiztosítás | E25: =IF(D25=0,"",B25-D25) | F25: =IF(OR($C$28=0,B25=""),"",B25/$C$28)
A26: =IF(Augusztus!A26="","",Augusztus!A26) | E26: =IF(D26=0,"",B26-D26) | F26: =IF(OR($C$28=0,B26=""),"",B26/$C$28)
A27: =IF(Augusztus!A27="","",Augusztus!A27) | E27: =IF(D27=0,"",B27-D27) | F27: =IF(OR($C$28=0,B27=""),"",B27/$C$28)
A28: ÖSSZESEN: 💎 MEGTAKARÍTÁSOK | C28: =SUM(B18:B27) -> 0 | D28: =SUM(D18:D27) -> 0 | E28: =IF(D28=0,"",C28-D28) | F28: =IF($C$16=0,"",C28/$C$16)
A29: ❤️ KIADÁSOK
A30: Lakhatás
A31: =IF(Augusztus!A31="","",Augusztus!A31) -> Albérleti díj / lakáshitel | E31: =IF(D31=0,"",D31-B31) | F31: =IF(OR($C$118=0,B31=""),"",B31/$C$118)
A32: =IF(Augusztus!A32="","",Augusztus!A32) -> Rezsi (közművek, közös költség) | E32: =IF(D32=0,"",D32-B32) | F32: =IF(OR($C$118=0,B32=""),"",B32/$C$118)
A33: =IF(Augusztus!A33="","",Augusztus!A33) -> Telefon, internet, digitális előfizetések | E33: =IF(D33=0,"",D33-B33) | F33: =IF(OR($C$118=0,B33=""),"",B33/$C$118)
A34: =IF(Augusztus!A34="","",Augusztus!A34) | E34: =IF(D34=0,"",D34-B34) | F34: =IF(OR($C$118=0,B34=""),"",B34/$C$118)
A35: ∑ Lakhatás | C35: =SUM(B31:B34) -> 0 | D35: =SUM(D31:D34) -> 0 | E35: =IF(D35=0,"",D35-C35) | F35: =IF(OR($C$118=0,C35=""),"",C35/$C$118)
A36: Étkezés, bevásárlás
A37: =IF(Augusztus!A37="","",Augusztus!A37) -> Nagybevásárlások | E37: =IF(D37=0,"",D37-B37) | F37: =IF(OR($C$118=0,B37=""),"",B37/$C$118)
A38: =IF(Augusztus!A38="","",Augusztus!A38) -> Drogéria | E38: =IF(D38=0,"",D38-B38) | F38: =IF(OR($C$118=0,B38=""),"",B38/$C$118)
A39: =IF(Augusztus!A39="","",Augusztus!A39) -> Ételrendelés | E39: =IF(D39=0,"",D39-B39) | F39: =IF(OR($C$118=0,B39=""),"",B39/$C$118)
A40: =IF(Augusztus!A40="","",Augusztus!A40) -> Egyéb élelmiszer, bevásárlás | E40: =IF(D40=0,"",D40-B40) | F40: =IF(OR($C$118=0,B40=""),"",B40/$C$118)
A41: =IF(Augusztus!A41="","",Augusztus!A41) | E41: =IF(D41=0,"",D41-B41) | F41: =IF(OR($C$118=0,B41=""),"",B41/$C$118)
A42: ∑ Étkezés, bevásárlás | C42: =SUM(B37:B41) -> 0 | D42: =SUM(D37:D41) -> 0 | E42: =IF(D42=0,"",D42-C42) | F42: =IF(OR($C$118=0,C42=""),"",C42/$C$118)
A43: Pénzügyek (biztosítások, szerződések és hitelek)
A44: =IF(Augusztus!A44="","",Augusztus!A44) -> Lakásbiztosítás | E44: =IF(D44=0,"",D44-B44) | F44: =IF(OR($C$118=0,B44=""),"",B44/$C$118)
A45: =IF(Augusztus!A45="","",Augusztus!A45) -> Életbiztosítás | E45: =IF(D45=0,"",D45-B45) | F45: =IF(OR($C$118=0,B45=""),"",B45/$C$118)
A46: =IF(Augusztus!A46="","",Augusztus!A46) -> Baleset- és betegségbiztosítás | E46: =IF(D46=0,"",D46-B46) | F46: =IF(OR($C$118=0,B46=""),"",B46/$C$118)
A47: =IF(Augusztus!A47="","",Augusztus!A47) -> Egészségbiztosítás | E47: =IF(D47=0,"",D47-B47) | F47: =IF(OR($C$118=0,B47=""),"",B47/$C$118)
A48: =IF(Augusztus!A48="","",Augusztus!A48) -> Hiteltörlesztés | E48: =IF(D48=0,"",D48-B48) | F48: =IF(OR($C$118=0,B48=""),"",B48/$C$118)
A49: =IF(Augusztus!A49="","",Augusztus!A49) -> Egyéb szerződés | E49: =IF(D49=0,"",D49-B49) | F49: =IF(OR($C$118=0,B49=""),"",B49/$C$118)
A50: =IF(Augusztus!A50="","",Augusztus!A50) | E50: =IF(D50=0,"",D50-B50) | F50: =IF(OR($C$118=0,B50=""),"",B50/$C$118)
A51: =IF(Augusztus!A51="","",Augusztus!A51) | E51: =IF(D51=0,"",D51-B51) | F51: =IF(OR($C$118=0,B51=""),"",B51/$C$118)
A52: ∑ Pénzügyek (biztosítások, szerződések és hitelek) | C52: =SUM(B44:B51) -> 0 | D52: =SUM(D44:D51) -> 0 | E52: =IF(D52=0,"",D52-C52) | F52: =IF(OR($C$118=0,C52=""),"",C52/$C$118)
A53: Közlekedés
A54: =IF(Augusztus!A54="","",Augusztus!A54) -> Üzemanyag, elektromos töltés | E54: =IF(D54=0,"",D54-B54) | F54: =IF(OR($C$118=0,B54=""),"",B54/$C$118)
A55: =IF(Augusztus!A55="","",Augusztus!A55) -> Parkolás, útdíj, autópálya-matrica | E55: =IF(D55=0,"",D55-B55) | F55: =IF(OR($C$118=0,B55=""),"",B55/$C$118)
A56: =IF(Augusztus!A56="","",Augusztus!A56) -> Szerviz, karbantartás, gumicsere | E56: =IF(D56=0,"",D56-B56) | F56: =IF(OR($C$118=0,B56=""),"",B56/$C$118)
A57: =IF(Augusztus!A57="","",Augusztus!A57) -> KGFB (kötelező biztosítás) | E57: =IF(D57=0,"",D57-B57) | F57: =IF(OR($C$118=0,B57=""),"",B57/$C$118)
A58: =IF(Augusztus!A58="","",Augusztus!A58) -> CASCO | E58: =IF(D58=0,"",D58-B58) | F58: =IF(OR($C$118=0,B58=""),"",B58/$C$118)
A59: =IF(Augusztus!A59="","",Augusztus!A59) -> Gépjárműadó | E59: =IF(D59=0,"",D59-B59) | F59: =IF(OR($C$118=0,B59=""),"",B59/$C$118)
A60: =IF(Augusztus!A60="","",Augusztus!A60) -> Autóhitel, lízing részlet | E60: =IF(D60=0,"",D60-B60) | F60: =IF(OR($C$118=0,B60=""),"",B60/$C$118)
A61: =IF(Augusztus!A61="","",Augusztus!A61) -> Autómosás, egyéb autós költség | E61: =IF(D61=0,"",D61-B61) | F61: =IF(OR($C$118=0,B61=""),"",B61/$C$118)
A62: =IF(Augusztus!A62="","",Augusztus!A62) -> Tömegközlekedés, bérlet | E62: =IF(D62=0,"",D62-B62) | F62: =IF(OR($C$118=0,B62=""),"",B62/$C$118)
